inep_escola;codigo_escola;nome;latitude;longitude;cep;endereco;endereco_numero;endereco_complemento;bairro_codigo;bairro;telefone;fax;email;orgao_regional;regulamentacao;funcionamento_predio_escolar;funcionamento_templo;funcionamento_empresa;funcionamento_outras_escolas;funcionamento_galpao;funcionamento_outros;forma_ocupacao;agua_rede_publica;agua_poco_artesiano;agua_cacimba;agua_fonte;esgoto_rede_publica;esgoto_fossa;esgoto_inexistente;lixo_coleta_periodica;lixo_outra area;dependencia_diretoria;dependencia_professores;dependencia_secretaria;dependencia_laboratorio_informatica;dependencia_laboratorio_ciencias;dependencia_aee;dependencia_quadra_coberta;dependencia_quadra_descoberta;dependencia_cozinha;dependencia_biblioteca;dependencia_leitura;dependencia_parque_infantil;dependencia_bercario;dependencia_banheiro_fora;dependencia_banheiro_dentro;dependencia_banheiro_infantil;dependencia_banheiro_deficiencia;dependencia_vias_adequadas_deficiencia;dependencia_banheiro_chuveiro;dependencia_refeitorio;dependencia_despensa;dependencia_almoxarifado;dependencia_auditorio;dependencia_patio_coberto;dependencia_patio_descoberto;dependencia_alojamento_aluno;dependencia_alojamento_professor;dependencia_area_verde;dependencia_lavanderia;quantidade_salas_existentes;quantidade_salas_utilizadas_fora_e_dentro;equipamentos_televisao;equipamentos_videocassete;equipamentos_dvd;equipamentos_antena_parabolica;equipamentos_copiadora;equipamentos_retroprojetor;equipamentos_impressora;equipamentos_aparelho_som;equipamentos_projetor_multimidia;equipamentos_fax;equipamentos_maquina_fotografica;equipamentos_computadores;computadores_quantidade;computadores_qtd_administrativo;computadores_qtd_alunos;acesso_internet;banda_larga;total_funcionarios;brasil_alfabetizado;abre_finais_semana;modalidade_regular;modalidade_especial;modalidade_eja;regular_creche;regular_preescolar;regular_fundamental9;especial_fundamental9;especial_eja_fundamental;eja_fundamental;eja_projovem
26121786;1;ESCOLA MUNICIPAL REITOR JOAO ALFREDO;-8,064733012;-34,89548539;50070460;SENADOR JOSE HENRIQUE;160;;78;ILHA DO LEITE;33553804;34237321;CMRJA@HOTMAIL.COM;1;1;1;0;0;0;0;0;1;1;0;0;0;1;0;0;1;0;1;1;1;1;1;1;0;1;1;1;0;0;0;0;1;0;1;0;1;1;0;1;1;0;1;0;0;0;0;17;17;3;;1;;;;;;;;;1;28;9;19;1;1;123;0;0;1;0;1;0;0;1;0;0;1;0
26123550;2;ESCOLA MUNICIPAL DE TEJIPIO;-8,0864;-34,96858;50030230;TUTOIA;165;;892;TEJIPIO;33556897;32516769;EM.DETEJIPIO@EDUCARECIFE.COM;2;1;1;0;0;0;0;0;2;1;0;0;0;0;1;0;1;0;1;1;1;1;0;0;0;0;1;1;0;0;0;0;1;0;0;1;0;0;1;1;0;0;0;0;0;0;0;9;9;4;;1;;;1;2;;;;;1;13;4;9;1;1;69;0;1;1;0;1;0;0;1;0;0;1;1
26127369;3;ESCOLA MUNICIPAL ARRAIAL NOVO DO BOM JESUS;-8,058692214;-34,93191297;50640000;DO FORTE;1340;;701;TORROES;33554123;33554598;ESCOLAARRAIALNOVO@HOTMAIL.COM;2;1;1;0;0;0;0;0;1;1;0;0;0;1;0;0;1;0;1;1;1;1;1;0;0;1;1;1;1;0;0;0;1;0;1;0;1;1;1;1;0;1;1;0;0;0;0;11;11;3;;1;;;;1;;;;;1;22;7;15;1;1;95;1;1;1;0;1;0;0;1;0;0;1;0
26121255;4;ESCOLA MUNICIPAL PROFESSOR JOSE DA COSTA PORTO;-8,071751952;-34,90046267;50090590;CABO EUTROPIO;660;;43;ILHA JOANA BEZERRA;33553889;;COSTA.PORTO@YAHOO.COM.BR;2;1;1;0;0;0;0;0;1;1;0;0;0;0;1;0;1;0;1;1;1;0;0;0;1;1;1;1;0;0;0;0;1;0;1;0;1;1;0;0;0;1;1;0;0;0;0;16;16;4;;2;;;;1;;;;;1;20;6;14;1;1;77;1;1;1;0;1;0;0;1;0;0;1;0
26121077;5;ESCOLA MUNICIPAL SANTA MARIA;-8,021894015;-34,90872376;52210240;ACAIACA;70;;523;ALTO JOSE DO PINHO;33554549;;;1;1;1;0;0;0;0;0;3;1;0;0;0;1;0;0;1;0;1;1;1;1;0;1;0;0;1;0;1;1;0;0;1;1;1;0;1;1;0;1;0;0;1;0;0;0;0;13;13;1;;1;;;;1;;;;;1;12;3;9;0;;44;0;0;1;0;0;0;1;1;0;0;0;0
26118734;6;ESCOLA MUNICIPAL MONTEIRO LOBATO;-8,017866565;-34,87448089;52040365;JARDIM BRASILIA;S/N;LADO IMPAR;280;CAMPO GRANDE;33553990;34274349;;1;1;1;0;0;0;0;0;1;1;0;0;0;0;1;0;1;0;0;1;1;1;0;1;0;0;1;1;0;0;0;1;1;0;0;0;0;1;0;0;0;0;0;0;0;0;0;14;14;2;;1;;;;;;;;;1;13;4;9;1;1;68;0;0;1;0;1;0;1;1;0;0;1;0
26128640;7;ESCOLA MUNICIPAL ANTONIO HERACLIO DO REGO;-8,019012712;-34,8891531;52120520;MANOEL SILVA;134;;337;AGUA FRIA;33554229;;;1;1;1;0;0;0;0;0;1;1;0;0;0;0;1;0;1;0;1;1;1;1;1;1;1;1;1;1;0;0;0;0;1;0;1;0;1;0;0;1;0;1;0;0;0;1;0;17;17;3;;3;;1;2;1;;;;;1;21;6;15;1;1;72;1;1;1;0;1;0;0;1;0;0;1;0
26128390;9;ESCOLA MUNICIPAL PAULO VI;-8,007535578;-34,904668;52131210;GUAIRA;200;;388;LINHA DO TIRO;33553965;33553964;ESCOLAPAULOSEXTO@HOTMAIL.COM;1;1;1;0;0;0;0;0;1;1;0;0;0;1;0;0;1;0;1;1;1;1;1;0;0;1;1;1;0;0;0;0;1;0;1;1;1;1;1;1;0;1;1;0;0;1;0;18;18;5;;2;;;1;5;;;;;1;22;7;15;1;1;106;0;1;1;0;1;0;0;1;0;0;1;0
26124556;10;ESCOLA MUNICIPAL MARIA SAMPAIO LUCENA;-8,120811474;-34,94671105;51280000;PERNAMBUCO;S/N;UR 01;230;IBURA;33556586;34755258;;2;1;1;0;0;0;0;0;1;1;0;0;0;0;1;0;1;0;1;1;1;1;0;0;1;1;1;1;0;0;0;0;1;0;0;1;1;1;0;1;0;1;0;0;0;0;0;12;12;2;;1;;;1;2;;;;;1;24;7;17;1;1;66;0;1;1;0;1;0;0;1;0;0;1;0
26126630;11;ESCOLA MUNICIPAL SAO CRISTOVAO;-7,993272203;-34,93534997;52291140;CASSITERITA;395;;612;BREJO DA GUABIRABA;33556012;;EM.SAOCRISTOVAO@BOL.COM.BR;1;1;1;0;0;0;0;0;1;1;0;0;0;0;1;0;1;0;1;1;1;1;0;1;1;1;1;1;0;0;0;0;1;0;1;0;0;0;1;1;0;1;0;0;0;0;0;12;12;4;;1;;1;1;3;;;;;1;23;7;16;1;1;80;0;1;1;0;1;0;0;1;0;0;1;0
26122529;12;ESCOLA MUNICIPAL MARIO MELO;-8,028455226;-34,87957445;52031250;OLIVEIRA FONSECA;318;;280;CAMPO GRANDE;33553713;32421049;ESCOLAMARIOMELO@YAHOO.COM.BR;1;1;1;0;0;0;0;0;1;1;0;0;0;1;0;0;1;0;1;1;1;1;1;1;0;1;1;1;0;1;0;0;1;1;1;1;0;1;1;1;0;1;0;0;0;0;0;15;15;3;;3;;;1;;;;;;1;21;6;15;1;1;69;1;1;1;0;1;0;1;1;0;0;1;0
26128934;13;ESCOLA MUNICIPAL OLINDINA MONTEIRO DE OLIVEIRA FRANCA;-8,002758396;-34,90640767;52140390;BELA VISTA;315;;396;DOIS UNIDOS;33556330;34495672;OLINDINA.MONTEIRO@HOTMAIL.COM;1;1;1;0;0;0;0;0;1;1;0;0;0;0;1;0;1;0;1;1;1;1;0;0;0;1;1;1;0;0;0;0;1;0;1;1;1;1;1;1;0;1;1;0;0;1;0;10;10;5;;1;;;1;2;;;;;1;28;9;19;0;;69;0;1;1;0;0;0;0;1;0;0;0;0
26117576;14;ESCOLA MUNICIPAL ANTONIO FARIAS FILHO;-8,072582496;-34,92596821;50761350;VINTE E UM DE ABRIL;S/N;;817;SAN MARTIN;33553166;33554902;;2;1;1;0;0;0;0;0;1;1;0;0;0;1;0;0;1;0;1;1;1;1;0;1;1;1;1;0;0;0;0;0;1;0;0;0;1;0;0;0;0;1;0;0;0;0;0;16;16;3;;2;;;;;;;;;1;11;3;8;1;1;105;1;1;1;0;1;0;0;1;0;0;1;0
26119927;15;ESCOLA MUNICIPAL LUIZ VAZ DE CAMOES;-8,103714012;-34,92544251;51320080;ERVAL;S/N;VL M LUCIA;213;IPSEP;33553941;34717548;;2;1;1;0;0;0;0;0;1;1;0;0;0;1;0;0;1;0;1;1;1;1;0;0;1;1;1;1;0;0;0;0;1;0;1;0;1;1;1;1;0;0;1;0;0;0;0;9;9;3;;1;;;1;1;;;;;1;13;4;9;1;1;77;0;1;1;0;1;0;0;1;0;0;1;0
26124513;16;ESCOLA MUNICIPAL CICERO FRANKLIN CORDEIRO;-8,136188404;-34,95518441;51320410;FELIPE DOS SANTOS;81;UR 05;230;IBURA;33553560;34752756;;2;1;1;0;0;0;0;0;1;0;1;0;0;1;0;0;1;0;1;1;1;1;0;0;0;0;1;1;0;0;0;0;1;0;1;1;1;1;1;1;1;0;1;0;0;0;0;11;11;2;;1;;;2;;;;;;1;12;3;9;0;;40;1;0;1;0;1;0;0;1;0;0;1;0
26126117;17;ESCOLA MUNICIPAL PROFESSORA ALMERINDA UMBELINO DE BARROS;-8,021198;-34,922706;52081030;VASCO DA GAMA;S/N;;558;VASCO DA GAMA;33554211;34419262;ESCOLAVASCODAGAMA@HOTMAIL.COM;1;1;1;0;0;0;0;0;1;1;0;0;0;1;0;0;1;0;1;1;1;1;0;0;0;1;1;0;1;0;0;0;1;1;0;1;0;1;1;1;0;1;0;0;0;0;0;14;14;3;;1;;;;1;;;;;1;15;4;11;1;0;80;0;1;1;0;1;0;0;1;0;0;1;0
26127520;18;ESCOLA MUNICIPAL DIVINO ESPIRITO SANTO;-8,030419636;-34,95439935;50800210;CAXANGA;127;;736;VARZEA;33553885;34533549;;2;1;1;0;0;0;0;0;2;1;0;0;0;1;0;0;1;0;1;1;1;1;1;1;1;1;1;1;0;0;0;1;1;0;0;1;1;1;1;1;1;0;1;0;0;1;0;15;15;3;;;;;;;;;;;1;27;8;19;1;1;110;0;1;1;0;1;0;1;1;0;0;0;1
26119218;19;ESCOLA MUNICIPAL DA IPUTINGA;-8,041487242;-34,92812948;50731110;CORONEL FERNANDO FURTADO;479;IPUTINGA;698;IPUTINGA;33554097;;;2;1;1;0;0;0;0;0;1;1;0;0;0;1;0;0;1;0;1;1;1;1;1;1;0;0;1;1;1;1;0;0;1;1;1;1;1;1;1;1;1;1;0;1;0;1;1;17;17;1;1;;;;;;;;;;1;55;18;37;1;1;101;1;1;1;0;1;0;1;1;0;1;1;0
26119897;20;ESCOLA MUNICIPAL JOAO XXIII;-8,041517278;-34,93071168;50731360;DO CAIARA;350;;698;IPUTINGA;33553876;32722007;JOAO_XXIII@YAHOO.COM.BR;2;1;1;0;0;0;0;0;1;1;0;0;0;1;0;0;1;0;1;1;1;1;0;1;0;0;1;1;0;0;0;0;1;0;1;0;1;0;0;1;0;1;0;0;0;0;0;11;11;2;;1;;;1;;;;;;1;11;3;8;1;1;84;0;1;1;0;0;0;0;1;0;0;0;0
26126516;21;ESCOLA MUNICIPAL PROFESSOR ADERBAL GALVAO;-8,016538037;-34,92118083;52081030;VASCO DA GAMA;399;;558;VASCO DA GAMA;34418566;33556980;;1;1;1;0;0;0;0;0;1;1;0;0;0;1;0;0;1;0;1;1;1;1;0;0;0;0;1;0;1;0;0;0;1;0;1;1;1;0;0;1;0;1;0;0;0;0;0;6;6;6;2;3;1;;1;2;;;;;1;12;3;9;1;1;54;0;1;1;0;1;0;0;1;0;0;1;0
26126788;22;ESCOLA MUNICIPAL PROFESSOR MAURO MOTA;-8,000192301;-34,9310723;52091260;ALTO DA BRASILEIRA;S/N;;566;NOVA DESCOBERTA;33553844;;ESCMAUROTA@GMAIL.COM;1;1;1;0;0;0;0;0;1;1;0;0;0;1;0;0;1;0;1;1;1;1;0;0;0;0;1;0;1;0;0;0;1;1;0;0;1;0;1;1;0;1;0;0;1;0;0;8;8;3;;1;;;;;;;;;1;16;5;11;1;1;42;0;1;1;0;1;0;1;1;0;0;1;0
26125692;23;ESCOLA MUNICIPAL SOCIOLOGO GILBERTO FREIRE;-8,010790657;-34,95244497;52071560;PROFESSOR CLAUDIO SELVA;350;;590;DOIS IRMAOS;35550075;32698203;EMSGF@HOTMAIL.COM;1;1;1;0;0;0;0;0;1;0;1;0;0;0;1;0;1;0;1;1;1;1;0;1;0;0;1;0;0;0;0;0;1;1;1;1;0;0;0;0;0;1;0;0;0;0;0;9;9;3;1;1;;;1;2;;;;;1;29;9;20;0;;36;0;1;1;0;1;0;0;1;0;0;1;0
26120810;24;ESCOLA MUNICIPAL HUGO GERDAU;-8,069673064;-34,93641411;50761190;CEL MIZAEL DE MENDONCA;S/N;;817;SAN MARTIN;33553893;34452106;ESCOLAHUGOGERDAU@GMAIL.COM;2;1;1;0;0;0;0;0;1;1;0;0;0;0;1;0;1;0;1;1;1;1;0;0;0;0;1;1;0;0;0;0;1;0;0;0;0;0;1;1;0;0;0;0;0;0;0;6;6;5;;2;;;;3;;;;;1;21;6;15;1;1;56;0;1;1;0;1;0;0;1;0;0;1;0
26119196;25;ESCOLA MUNICIPAL TRES CARNEIROS;-8,12553092;-34,95991371;51330190;IBIRAJA;12;IBURA;230;IBURA;33556026;;;2;1;1;0;0;0;0;0;1;1;0;0;0;0;1;0;1;0;1;0;0;1;0;0;0;0;1;1;0;0;0;0;1;0;1;0;1;0;1;1;0;1;1;0;0;0;0;7;7;2;;3;;;1;1;;;;;1;12;3;9;1;1;42;0;1;1;0;0;0;1;1;0;0;0;0
26124700;26;ESCOLA MUNICIPAL MARGARIDA SERPA COSSART;-8,119864812;-34,95585297;51340610;MECEJANA;9;;230;IBURA;33553649;34752759;;2;1;1;0;0;0;0;0;1;1;0;0;0;1;0;0;1;0;0;0;0;1;0;0;0;0;1;0;0;0;0;0;1;0;1;0;0;0;0;0;0;0;0;0;0;0;0;6;6;4;;2;;;;1;;;;;1;11;3;8;1;1;36;0;1;1;0;0;0;1;1;0;0;0;0
26125706;27;ESCOLA MUNICIPAL MUNDO ESPERANCA;-8,014118682;-34,95659414;52179050;DOS PINTOS;900;;604;SITIO DOS PINTOS;33550066;32693118;;1;1;1;0;0;0;0;0;3;1;0;0;0;0;1;0;1;0;1;0;0;1;0;0;0;0;1;0;1;1;0;1;1;0;0;0;1;1;1;1;0;1;1;0;0;1;0;7;7;2;;1;;;1;;;;;;1;11;3;8;0;;35;0;1;1;0;0;0;1;1;0;0;0;0
26120607;28;ESCOLA MUNICIPAL ENGENHEIRO GUILHERME DINIZ;-8,136503005;-34,9554842;50000000;TEREZA MARGARIDA;S/N;;230;IBURA;33553825;34753217;ESCGUILHERMEDINIZ@HOTMAIL.COM;2;1;1;0;0;0;0;0;1;1;0;1;0;1;0;0;1;0;1;0;1;1;0;0;0;0;1;1;0;0;0;0;1;0;1;0;1;0;0;1;0;1;0;0;0;0;0;10;10;2;;2;;;;2;;;;;1;17;5;12;1;1;54;0;0;1;0;1;0;1;1;0;0;1;0
26123487;29;ESCOLA MUNICIPAL DOM BOSCO;-8,079272557;-34,94840144;50790200;ALVENOPOLIS;600;;868;JARDIM SAO PAULO;33553848;33553849;;2;1;1;0;0;0;0;0;1;1;1;0;0;1;0;0;1;0;1;1;1;1;0;1;1;1;1;1;0;0;0;0;1;1;1;1;1;1;1;1;0;1;0;0;0;1;0;15;15;2;;2;;;;2;;;;;1;28;9;19;1;1;114;0;1;1;0;1;0;0;1;0;0;1;0
26121158;30;ESCOLA MUNICIPAL VILA SESAMO;-8,13369016;-34,95011909;51300000;VALE DO CARIRI;290;UR 05;230;IBURA;33556919;34752757;EMVILASESAMO@YAHOO.COM.BR;2;1;1;0;0;0;0;0;1;1;1;0;0;0;1;0;1;0;1;1;1;1;0;0;0;0;1;0;1;0;0;0;1;0;1;1;1;1;1;1;0;0;1;0;0;0;0;12;12;;;;;;;3;;;;;1;18;5;13;1;1;73;0;0;1;0;1;0;0;1;0;0;1;0
26124688;31;ESCOLA MUNICIPAL MARIA ADELAIDE DE BARROS;-8,138902468;-34,95328253;51310090;ALTO ERVAL NOVO;S/N;COHAB UR10;230;IBURA;33553434;34754178;;2;1;1;0;0;0;0;0;1;1;0;0;0;0;1;0;1;0;0;0;1;1;0;0;1;1;1;0;1;0;0;0;1;1;0;0;1;0;0;1;0;1;0;0;0;0;0;7;7;3;;2;;;1;1;;;;;1;7;2;5;1;1;40;0;1;1;0;0;0;1;1;0;0;0;0
26125552;32;ESCOLA MUNICIPAL PROFESSOR ADAUTO PONTES;-8,135430112;-34,94475149;51260390;SERTANIA;35;;221;JORDAO;33554990;33419777;EM.ADAUTOPONTES@EDUCARECIFE.CO;2;1;1;0;0;0;0;0;1;1;0;0;0;0;1;0;1;0;1;0;1;1;0;0;0;0;1;1;0;0;0;0;1;0;0;0;1;0;0;1;0;1;0;0;0;0;0;6;6;1;;2;;;;1;;;;;1;12;3;9;1;1;36;0;0;1;0;1;0;1;1;0;0;1;0
26120704;33;ESCOLA MUNICIPAL DO JORDAO;-8,139008757;-34,92886573;51250100;SILVA JARDIM;175;;221;JORDAO;33556901;34625117;MARIAEDI.SILVA@EDUCARECIFE.COM;2;1;1;0;0;0;0;0;2;1;0;0;0;0;1;0;1;0;1;0;1;0;0;0;0;0;1;0;0;0;0;0;1;0;0;0;0;0;1;0;0;1;0;0;0;0;0;9;9;2;;1;;;;;;;;;1;30;9;21;0;;29;0;1;1;0;0;0;1;1;0;0;0;0
26119200;34;ESCOLA MUNICIPAL ZUMBI DOS PALMARES;-8,04091388;-34,95182961;50740180;ENGENHEIRO VASCONCELOS BITTENCOURT;53;;736;VARZEA;33553934;32719033;NAEDVA.BURGOS@GMAIL.COM;2;1;1;0;0;0;0;0;1;1;0;0;0;1;0;0;1;0;1;0;1;1;0;0;0;0;1;0;0;0;0;0;1;1;0;1;1;1;1;1;0;1;0;0;0;0;0;10;10;3;;1;;;1;1;;;;;1;12;3;9;1;1;59;0;1;1;0;1;0;1;1;0;0;1;0
26127008;36;ESCOLA MUNICIPAL CREUZA DE FREITAS CAVALCANTI;-8,061350695;-34,93574836;50640520;EPAMINONDAS CRISTOVAO OLIVEIRA;S/N;;701;TORROES;33553938;34450112;;2;1;1;0;0;0;0;0;1;1;0;0;0;0;1;0;1;0;1;1;0;1;0;0;0;0;1;1;0;0;0;0;1;0;0;0;0;0;0;0;0;0;1;0;0;0;0;13;13;2;;3;;1;1;;;;;;1;17;5;12;1;1;61;0;1;1;0;1;0;1;1;0;0;1;0
26119170;38;ESCOLA MUNICIPAL SENADOR JOSE ERMIRIO DE MORAES;-8,036000037;-34,97942988;50960120;RORAIMA;30;UR07;736;VARZEA;33550082;33550083;;2;1;1;0;0;0;0;0;1;1;0;0;0;1;0;0;1;0;1;1;0;1;0;1;0;0;1;0;1;0;0;0;1;0;1;0;0;0;0;1;0;0;0;0;0;0;0;8;8;2;;1;;;1;2;;;;;1;18;5;13;0;;35;0;1;1;0;1;0;1;1;0;0;1;0
26127024;39;ESCOLA MUNICIPAL CELIA ARRAES;-8,039270528;-34,95885435;50810360;JOSE NOYA;131;;736;VARZEA;33554918;;ESCOLACELIAARRAES@BOL.COM.BR;2;1;1;0;0;0;0;0;1;1;0;0;0;1;0;0;1;0;1;1;1;1;0;1;0;0;1;1;0;0;0;0;1;1;0;0;1;0;1;1;0;1;0;0;0;1;0;7;7;2;;2;;;1;2;;;;;1;11;3;8;1;1;54;0;1;1;0;0;0;1;1;0;0;0;0
26120763;40;ESCOLA MUNICIPAL MAGALHAES BASTOS;-8,046791683;-34,95705099;50741150;FRANCISCO LACERDA;S/N;;736;VARZEA;33556799;;;2;1;1;0;0;0;0;0;3;1;0;0;0;1;0;0;1;0;1;1;1;1;0;0;0;0;0;1;0;0;0;0;1;0;0;0;0;1;0;1;0;1;0;0;0;0;0;12;12;4;;2;;;;;;;;;1;11;3;8;1;0;40;0;0;1;0;0;0;1;1;0;0;0;0
26127377;41;ESCOLA MUNICIPAL ENGENHO DO MEIO;-8,050242115;-34,93965297;50670260;BOM PASTOR;1406;;710;ENGENHO DO MEIO;33553450;34531293;;2;1;1;0;0;0;0;0;1;1;0;0;0;0;1;0;1;0;1;1;1;1;0;1;0;0;1;1;0;0;0;0;1;0;1;0;1;1;1;1;0;1;1;0;0;1;0;13;13;3;;1;;;1;;;;;;1;26;8;18;1;1;93;0;1;1;0;1;0;0;1;0;0;1;0
26126826;42;ESCOLA MUNICIPAL MANOEL ANTONIO DE FREITAS;-8,017568031;-34,90917122;52080097;SAO JERONIMO;147;;949;ALTO SANTA TEREZINHA;33556879;;;1;1;1;0;0;0;0;0;1;1;0;0;0;0;1;0;1;0;1;0;0;0;0;0;0;0;1;0;0;0;0;0;1;0;0;0;0;0;0;1;0;1;0;0;0;0;0;6;6;2;;;1;;;;;;;;1;26;8;18;1;1;22;0;0;1;0;0;0;1;1;0;0;0;0
26128772;44;ESCOLA MUNICIPAL ANTONIO TIBURCIO;-8,018166764;-34,90521675;52211000;TAMBOARA;356;;949;ALTO SANTA TEREZINHA;33556873;34433798;ESCANTONIOTIBURCIO@HOTMAIL.COM;1;1;0;0;0;0;0;1;;1;0;0;0;0;1;0;1;0;1;0;0;1;0;0;0;0;1;1;0;0;0;1;0;1;0;0;0;0;0;1;0;0;1;0;0;0;0;5;5;2;;1;;;1;2;;;;;1;19;6;13;1;1;31;0;1;1;0;0;0;1;1;0;0;0;0
26120720;45;ESCOLA MUNICIPAL DRAOMIRO CHAVES AGUIAR;-8,025352164;-34,92536324;52070240;SANTA ISABEL;655;;434;CASA AMARELA;33554072;34417338;;1;1;1;0;0;0;0;0;1;1;0;0;0;1;0;0;1;0;1;1;1;1;0;1;0;0;1;1;0;0;0;0;1;0;1;0;1;0;1;1;0;1;0;0;0;0;0;10;10;3;;1;;;;1;;;;;1;12;3;9;1;1;54;0;1;1;0;1;0;1;1;0;0;1;0
26128322;46;ESCOLA MUNICIPAL NOVO HORIZONTE;-8,009990146;-34,89753342;52211540;ALTO DO GUILHERMINO;411;;337;AGUA FRIA;33553426;;SEELPERHORIZONTE@GAMIL.COM;1;1;0;0;0;0;0;1;;1;0;0;0;0;1;0;1;0;1;0;0;0;0;0;0;0;1;0;0;0;0;1;1;0;0;0;1;0;0;1;0;0;0;0;0;0;0;4;4;2;;;;;;3;;;;;1;11;3;8;1;1;35;0;0;1;0;1;0;0;1;0;0;1;0
26128705;47;ESCOLA MUNICIPAL MONSENHOR VIANA;-8,004573078;-34,89843026;52130260;TAGUATINGA;S/N;;370;BEBERIBE;33554136;33554137;;1;1;1;0;0;0;0;0;1;1;0;0;0;0;1;0;1;0;1;1;1;1;0;0;0;0;1;0;1;0;0;0;1;0;1;0;1;1;1;1;0;0;1;0;0;0;0;8;8;3;;1;;;;;;;;;1;18;5;13;1;1;49;1;0;1;0;1;0;0;1;0;0;1;0
26126087;48;ESCOLA MUNICIPAL OCTAVIO DE MEIRA LINS;-8,010185453;-34,9165024;52081520;JOSE REBOLCAS;141;;558;VASCO DA GAMA;33553616;;;1;1;1;0;0;0;0;0;1;1;0;0;0;0;1;0;1;0;1;1;1;1;0;1;1;1;1;1;0;0;0;0;1;0;1;0;1;0;0;1;0;0;1;0;0;0;0;12;12;3;;;;1;;1;;;;;1;11;3;8;1;1;55;0;1;1;0;1;0;0;1;0;0;1;0
26119641;49;ESCOLA MUNICIPAL DOUTOR RODOLFO AURELIANO;-8,042168184;-34,95624797;50810220;JOSE AVELAR;211;;736;VARZEA;33553996;;;2;1;1;0;0;0;0;0;1;1;0;0;0;1;0;0;1;0;1;1;1;1;0;0;0;0;1;1;0;0;0;0;1;0;0;0;1;0;1;1;0;1;0;0;0;0;0;10;10;1;;1;;1;;;;;;;1;30;9;21;1;1;74;1;1;1;0;1;0;0;1;0;0;1;0
26120771;50;ESCOLA MUNICIPAL PROFESSOR MOACIR DE ALBUQUERQUE;-8,00165159;-34,92516413;52191040;CORREGO DA AREIA;S/N;;566;NOVA DESCOBERTA;33556495;33556574;;1;1;1;0;0;0;0;0;1;1;0;0;0;0;1;0;1;0;1;0;0;1;0;1;0;0;1;0;1;0;0;1;1;0;0;0;0;0;1;1;0;0;0;0;0;0;0;6;6;3;;;;;;2;;;;;1;18;5;13;1;0;51;1;0;1;0;1;0;0;1;0;0;1;0
26126494;51;ESCOLA MUNICIPAL POETA JOAQUIM CARDOSO;-8,001268544;-34,93084405;52091220;CORREGO DA AREIA;950;;582;MACAXEIRA;33554541;;;1;1;1;0;0;0;0;0;1;1;1;0;0;1;1;0;1;0;1;1;1;1;0;0;0;0;1;1;0;0;0;0;1;0;0;0;1;1;1;0;0;1;0;0;0;0;0;12;12;3;;2;;;;3;;;;;1;22;7;15;1;1;80;0;1;1;0;1;0;0;1;0;0;1;0
26128233;52;ESCOLA MUNICIPAL DA MANGABEIRA;-8,024153009;-34,90058645;52110270;DO CINEMA;130;;515;MANGABEIRA;33553897;34518926;ESCOLAMANGABEIRA@GMAIL.COM;1;1;1;0;0;0;0;0;3;1;0;0;0;1;0;0;1;0;1;0;0;1;0;0;0;0;1;1;0;0;0;0;1;0;0;0;0;1;0;1;0;1;0;0;0;0;0;9;9;2;;1;;;;1;;;;;1;11;3;8;1;1;51;0;0;1;0;0;0;1;1;0;0;0;0
26128764;54;ESCOLA MUNICIPAL ANA MAURICIA WANDERLEY;-8,018012738;-34,89611286;52111310;JOAO UZEDA;813;;337;AGUA FRIA;33554890;;A_MAURICIA@YAHOO.COM.BR;1;1;1;0;0;0;0;0;1;1;0;0;0;1;0;0;1;0;1;1;0;1;0;0;0;0;1;0;0;0;0;0;1;0;0;0;1;0;1;1;0;1;0;0;0;0;0;5;5;2;;1;;;1;3;;;;;1;19;6;13;1;1;38;0;1;1;0;0;0;0;1;0;0;0;0
26128268;55;ESCOLA MUNICIPAL LUIZ LUA GONZAGA;-8,019281319;-34,90236381;52111622;AURILANDIA;54;;426;BOMBA DO HEMETERIO;33553860;;EM.LUIZGONZAGA@EDUCARECIFE.COM;1;1;1;0;0;0;0;0;1;1;0;0;0;0;1;0;1;0;0;0;1;0;0;0;0;0;1;0;0;0;0;0;1;0;0;0;0;0;0;0;0;0;0;0;0;0;0;6;6;;;;;;;;;;;;1;11;3;8;1;1;36;0;1;1;0;0;0;0;1;0;0;0;0
26128748;56;ESCOLA MUNICIPAL SAO JOAO BATISTA;-8,011848251;-34,90463033;52130220;ANIBAL BENEVOLO;1800;FUNDAO;388;LINHA DO TIRO;33554192;34443888;EMSJB07@HOTMAIL.COM;1;1;1;0;0;0;0;0;1;1;0;0;0;1;0;0;1;0;1;1;0;1;0;0;0;0;1;1;0;0;0;0;1;0;1;1;0;0;0;1;0;0;0;0;0;0;0;7;7;1;;1;;;;1;;;;;1;14;4;10;1;1;55;0;1;1;0;1;0;0;1;0;0;1;0
26126389;57;ESCOLA MUNICIPAL DOUTOR CAETE;-8,001501138;-34,92769465;52190210;ALVARAES;222;;566;NOVA DESCOBERTA;33554496;32691091;EMDRC9@GMAIL.COM;1;1;1;0;0;0;0;0;1;1;0;0;0;0;1;0;1;0;1;0;0;1;0;0;0;0;1;0;0;0;0;0;1;0;0;0;0;0;0;0;0;0;0;0;0;0;0;7;7;2;;2;;;;2;;;;;1;14;4;10;1;1;35;0;1;1;0;1;0;1;1;0;0;1;0
26126362;58;ESCOLA MUNICIPAL CORREGO DA BICA;-7,985267418;-34,92832984;52390030;CORREGO DA BICA;SN;;400;PASSARINHO;33554456;;ESCOLA.BICA@GMAIL.COM;1;1;1;0;0;0;0;0;1;1;0;0;0;1;0;0;1;0;1;0;1;1;0;0;0;0;1;1;0;0;0;0;1;0;0;0;1;0;1;0;0;1;1;0;0;0;0;6;6;2;;1;;;1;1;;;;;1;30;9;21;1;1;59;0;1;1;0;1;0;0;1;0;0;1;0
26128314;59;ESCOLA MUNICIPAL NOVA AURORA;-8,01806076;-34,90293938;52111620;ANTONIO MEIRA;169;;426;BOMBA DO HEMETERIO;33554534;;EM.NOVAEURORA@EDUCARECIFE.COM;1;1;1;0;0;0;0;0;1;1;0;0;0;0;1;0;1;0;0;0;1;0;0;0;0;0;1;0;0;0;0;0;1;0;1;0;1;0;1;0;0;0;0;0;0;0;0;4;4;2;;1;;;;;;;;;1;7;2;5;1;1;33;0;0;1;0;1;0;1;1;0;0;1;0
26126770;60;ESCOLA MUNICIPAL JOSEFINA MARINHO;-8,01688288;-34,9101053;52080040;CORREGO JOSE GRANDE;1316;;523;ALTO JOSE DO PINHO;33554962;34418149;;1;1;1;0;0;0;0;0;3;1;0;0;0;1;0;0;1;0;1;0;0;1;0;0;0;0;1;0;0;0;0;0;1;0;0;0;1;0;0;1;0;0;0;0;0;0;0;4;4;1;;1;;;;2;;;;;1;10;3;7;1;1;36;0;1;1;0;1;0;1;1;0;0;1;0
26128780;61;ESCOLA MUNICIPAL COMPOSITOR LEVINO FERREIRA;-8,014245;-34,9095913;50080040;CORREGO JOSE GRANDE;1441;;434;CASA AMARELA;33554922;;ESCOLALEVINOFERREIRA@YAHOO.COM;1;1;1;0;0;0;0;0;1;1;0;0;0;1;0;0;1;0;1;1;0;1;0;0;0;0;1;0;0;0;0;0;1;0;0;0;0;1;1;1;0;1;0;0;0;0;0;6;6;2;;;;;;;;;;;1;17;5;12;1;1;31;0;0;1;0;0;0;1;1;0;0;0;0
26126281;62;ESCOLA MUNICIPAL MARGARIDA SIQUEIRA PESSOA;-8,017890808;-34,9105031;52080040;CORREGO JOSE GRANDE;1307;;434;CASA AMARELA;33554970;;;1;1;1;0;0;0;0;0;1;1;0;0;0;1;0;0;1;0;1;1;1;1;0;0;0;0;1;0;0;0;0;0;1;0;1;0;1;0;1;0;0;1;0;0;0;0;1;6;6;2;;;;;;2;;;;;1;11;3;8;1;1;35;0;0;1;0;0;0;1;1;0;0;0;0
26126869;63;ESCOLA MUNICIPAL BOA ESPERANCA;-8,018718981;-34,91993425;52280524;PEDRA BONITA;80;;558;VASCO DA GAMA;33556482;34418549;EM.BOAESPERANCA@EDUCARECIFE.CO;1;1;1;0;0;0;0;0;1;1;0;0;0;0;1;0;1;0;1;0;0;1;0;0;0;0;1;0;1;0;0;0;1;0;0;0;0;1;0;1;0;0;1;0;0;0;0;7;7;4;;2;;;;1;;;;;1;10;3;7;1;1;33;0;0;1;0;0;0;1;1;0;0;0;0
26120569;64;ESCOLA MUNICIPAL PROFESSORA MARIA DA PAZ BRANDAO ALVES;-8,082386875;-34,96122445;50940683;DA FELICIDADE;51;;906;SANCHO;33554118;33559955;;2;1;1;0;0;0;0;0;1;1;0;0;0;1;0;0;1;0;1;0;1;1;0;1;0;1;1;1;0;1;0;1;1;1;1;1;0;0;1;1;0;1;1;0;0;1;0;13;13;5;;1;;;;2;;;;;1;28;9;19;1;1;103;0;1;1;0;1;0;1;1;0;0;1;0
26121468;66;ESCOLA MUNICIPAL PEDRO AUGUSTO;-8,060805923;-34,89013941;50070310;BARAO DE SAO BORJA;279;;86;BOA VISTA;33554166;;COLEGIOPEDROAUGUSTO@GMAIL.COM;1;1;1;0;0;0;0;0;1;1;1;0;0;1;1;0;1;0;1;1;1;1;1;0;1;1;1;1;0;0;0;0;1;0;1;0;1;1;1;1;1;1;0;0;0;1;0;18;18;4;;;;;1;2;;;;;1;20;6;14;1;1;61;0;0;1;0;0;0;0;1;0;0;0;0
26121050;67;ESCOLA MUNICIPAL PROFESSORA ELIZABETH SALES COUTINHO DE BARROS;-8,067328652;-34,93405316;50761100;PROFESSOR AVERTANO DA ROCHA;386;;701;TORROES;33554934;34455450;ESCOLAELIZABETH@YAHOO.COM.BR;2;1;1;0;0;0;0;0;3;1;0;0;0;1;0;0;1;0;1;0;1;1;0;0;0;0;1;1;0;0;0;0;1;0;0;0;1;1;0;1;0;0;1;0;0;0;0;5;5;2;;2;1;;;1;;;;;1;20;6;14;1;1;41;0;0;1;0;1;0;0;1;0;0;1;0
26127083;68;ESCOLA MUNICIPAL DOS TORROES;-8,068011626;-34,9345105;50761110;DOUTOR ANTONIO CORREIA DE OLIVEIRA;110;;701;TORROES;33556350;;EM.DOSTORROES@EDUCARECIFE.COM;2;2;1;0;0;0;0;0;2;1;0;0;0;1;0;0;1;0;0;0;1;1;0;0;0;0;1;0;0;0;0;0;1;0;0;0;1;1;0;1;0;0;0;0;0;0;0;4;4;1;;1;;;;1;;;;;1;11;3;8;1;1;17;0;0;1;0;0;0;1;1;0;0;0;0
26134010;69;ESCOLA MUNICIPAL INES SOARES DE LIMA;-8,120696892;-34,91251186;51150380;14 DE NOVEMBRO;S/N;;264;IMBIRIBEIRA;33554044;34712168;EMISL2008@YAHOO.COM.BR;2;1;1;0;0;0;0;0;1;1;0;0;0;1;0;0;1;0;1;1;1;1;0;0;0;0;1;1;0;0;0;0;1;0;1;0;1;0;1;1;0;1;0;0;0;0;0;6;6;4;;2;;;2;2;;;;;1;19;6;13;1;1;37;0;0;1;0;1;0;1;1;0;0;1;0
26125528;70;ESCOLA MUNICIPAL PAIS E FILHOS;-8,103770449;-34,91797823;51180340;DANCING DAYS;21;;264;IMBIRIBEIRA;33556498;34713581;ESCOLAPAISEFILHOS@YAHOO.COM.BR;2;1;1;0;0;0;0;0;1;1;0;0;0;1;0;0;1;0;1;1;0;1;0;0;0;0;1;0;0;0;0;0;1;1;0;0;1;0;0;1;0;1;0;0;0;0;0;9;9;2;;;;;1;1;;;;;1;11;3;8;0;;54;0;1;1;0;1;0;1;1;0;0;1;0
26145227;71;ESCOLA MUNICIPAL HISTORIADOR FLAVIO GUERRA;-7,98536492;-34,92991682;52390040;ALTO DA TELHA;320;;400;PASSARINHO;33554504;;HISTO.FLAVIOGUERRA@HOTMAIL.COM;1;1;1;0;0;0;0;0;1;1;0;0;0;1;0;0;1;0;1;1;0;1;0;0;0;0;1;0;0;0;0;0;1;1;0;0;1;0;1;1;0;1;0;0;0;0;0;12;12;3;;;;;1;1;;;;;1;31;10;21;0;;98;0;0;1;0;0;0;1;1;0;0;0;0
26120780;72;ESCOLA MUNICIPAL PADRE JOSE MATHIAS DELGADO;-8,079101277;-34,94011704;50910390;DOUTOR DEVALDO BORGES;S/N;;868;JARDIM SAO PAULO;;32553542;;2;1;1;0;0;0;0;0;1;1;0;0;0;0;1;0;1;0;1;1;1;1;0;0;1;1;1;0;1;0;0;0;1;1;0;0;1;0;1;1;0;1;1;0;0;1;0;8;8;3;;;;;;;;;;;1;12;3;9;1;1;53;0;0;1;0;1;0;1;1;0;0;1;0
26123444;73;ESCOLA MUNICIPAL CASA DOS FERROVIARIOS;-8,092554895;-34,96014017;50791010;DR JOSE CORNELIO;84;;922;COQUEIRAL;33553556;;CASADOSFERROVIARIOS@BOL.COM.BR;2;1;1;0;0;0;0;0;2;1;0;0;0;1;0;0;1;0;1;0;1;0;0;0;0;0;1;0;0;0;0;0;1;0;0;0;1;0;0;0;0;1;1;0;0;0;0;14;14;1;;1;;;;1;;;;;1;19;6;13;1;1;58;0;1;1;0;1;0;1;1;0;0;1;0
26127873;75;ESCOLA MUNICIPAL HENFIL;-8,045456494;-34,95359831;50741180;SEIS DE MARCO;10;;736;VARZEA;33554065;32275417;ESCOLA.HENFIL@HOTMAIL.COM;2;1;1;0;0;0;0;0;1;1;0;0;0;1;0;0;1;0;0;0;1;1;0;1;0;0;1;1;0;0;0;1;1;0;1;0;0;0;1;0;0;1;0;0;0;0;0;4;4;3;;1;;;;1;;;;;1;13;4;9;1;1;28;0;1;1;0;1;0;0;1;0;0;1;0
26119617;76;ESCOLA MUNICIPAL GENERAL SAN MARTIN;-8,067370472;-34,92803642;50761000;GENERAL SAN MARTIN;1864;;817;SAN MARTIN;33553956;;EM.SANMARTIN@EDUCARECIFE.COM;2;1;1;0;0;0;0;0;1;1;0;0;0;1;0;0;1;0;1;0;1;1;0;1;0;0;1;1;0;0;0;0;1;0;1;0;0;0;0;1;0;0;0;0;0;0;0;8;8;4;;1;;;;;;;;;1;21;6;15;1;1;60;0;1;1;0;1;0;1;1;0;0;1;0
26126818;77;ESCOLA MUNICIPAL DOM JOSE LAMARTINE SOARES;-8,008286048;-34,91953155;52081070;ALTO DO EUCALIPTO;S/N;;558;VASCO DA GAMA;33556302;;DOMJOSELAMARTINE@HOTMAIL.COM;1;1;1;0;0;0;0;0;1;1;0;0;0;0;1;0;1;0;0;0;0;1;0;0;0;0;1;0;0;0;0;0;1;0;0;0;1;0;0;0;0;0;1;0;0;1;0;11;11;2;;1;;;;;;;;;1;10;3;7;1;1;63;0;0;1;0;1;0;1;1;0;0;1;0
26133389;78;ESCOLA MUNICIPAL NADIR COLACO;-8,017132768;-34,92897614;52090270;NORTE DR MIGUEL ARRAES;7123;;582;MACAXEIRA;33553971;;NADIRCOLACOEM1984@GMAIL.COM;1;1;1;0;0;0;0;0;1;1;0;0;0;1;0;0;1;0;1;1;1;1;0;1;0;1;1;1;0;0;0;0;1;0;1;1;0;0;0;1;0;1;0;0;0;1;0;14;14;2;;1;;;;1;;;;;1;20;6;14;1;1;77;1;1;1;0;1;0;0;1;0;0;1;1
26126672;79;ESCOLA MUNICIPAL MAURICIO DE NASSAU;-8,022936472;-34,92600913;52071250;DOUTOR EURICO CHAVES;677;;493;ALTO DO MANDU;33556322;;;1;1;1;0;0;0;0;0;2;1;0;0;0;0;1;0;1;0;1;0;0;1;0;0;0;0;1;0;1;0;0;0;1;0;1;0;1;0;1;0;0;0;0;0;0;0;0;5;5;2;1;1;;;1;4;;;;;1;11;3;8;1;1;30;0;1;1;0;1;0;0;1;0;0;1;0
26118955;80;ESCOLA MUNICIPAL JULIO VICENTE ALVES DE ARAUJO;-8,019088249;-34,91486202;52280255;DA CONCEICAO;468;;531;MORRO DA CONCEICAO;33556918;;EM.JULIOVICENTE@EDUCARECIFE.CO;1;1;1;0;0;0;0;0;1;1;0;0;0;0;1;0;1;0;1;0;1;0;0;1;1;1;1;0;0;0;0;0;1;0;1;1;0;1;0;1;0;0;0;0;0;0;0;8;8;3;;2;;;;1;;;;;1;41;13;28;1;1;37;0;1;1;1;1;0;1;1;1;1;1;0
26123673;81;ESCOLA MUNICIPAL SANTO ANTONIO DO CACOTE;-8,100221424;-34,92973016;50870440;GUARACI;16;;841;CACOTE;33553580;32520685;ESCOLADOCACOTE@GMAIL.COM;2;1;1;0;0;0;0;0;3;1;0;0;0;0;1;0;1;0;1;0;0;0;0;0;0;0;1;0;0;0;0;0;1;0;0;0;0;0;1;0;0;0;0;0;0;0;0;7;7;;;;;;;;;;;;1;2;;2;1;1;28;0;1;1;0;1;0;1;1;0;0;1;0
26124114;82;ESCOLA MUNICIPAL LAGOA ENCANTADA;-8,116956969;-34,95209358;51280410;DOUTOR BENIGNO JORDAO DE VASCONCELOS;S/N;COHAB;230;IBURA;33556315;34755273;MAURIJOANA@OI.COM.BR;2;1;1;0;0;0;0;0;3;1;0;0;0;0;1;0;1;0;0;0;0;1;0;0;1;1;1;1;0;0;0;0;1;0;0;0;0;0;0;0;0;0;0;0;0;0;0;5;5;2;;1;;;1;;;;;;1;11;3;8;0;;35;0;0;1;0;1;0;1;1;0;0;1;0
26123126;83;ESCOLA MUNICIPAL VILA SAO MIGUEL;-8,084202232;-34,9127082;50770790;RUBIACEA;147;;779;AFOGADOS;33554052;34287495;EMVSM2007@YAHOO.COM.BR;2;1;1;0;0;0;0;0;1;1;0;0;0;1;0;0;1;0;1;1;0;1;0;0;0;0;1;1;0;0;0;0;1;0;0;0;0;0;0;1;0;1;0;0;0;0;0;8;8;4;;1;;;1;1;;;;;1;10;3;7;1;1;57;0;1;1;0;0;0;1;1;0;0;0;0
26119145;84;ESCOLA MUNICIPAL DOS REMEDIOS;-8,068650701;-34,90959566;50830260;DO BONGI;91;;663;PRADO;33553459;34282462;EM.DOSREMEDIOS@EDUCARECIFE.COM;2;1;1;0;0;0;0;0;2;1;0;0;0;1;0;0;1;0;1;0;0;0;0;0;1;1;1;0;0;0;0;0;1;0;0;0;0;0;1;1;0;1;0;0;0;0;0;8;8;2;;1;;;;;;;;;1;34;11;23;1;1;38;0;0;1;0;0;0;1;1;0;0;0;0
26125811;85;ESCOLA MUNICIPAL VIRGEM PODEROSA;-8,03612824;-34,90837647;52060030;LEONARDO BEZERRA CAVALCANTI;116;;159;JAQUEIRA;33554224;;EM.VIRGEMPODEROSA@BOL.COM;1;1;1;0;0;0;0;0;3;1;0;0;0;1;0;0;1;0;1;1;0;1;0;0;0;0;1;1;0;0;0;0;1;0;0;0;0;0;0;0;0;0;0;0;0;0;0;7;7;1;;1;;;;2;;;;;1;12;3;9;1;1;43;0;0;1;0;0;0;1;1;0;0;0;0
26128659;86;ESCOLA MUNICIPAL ANTONIO LUIZ;-8,017895396;-34,88516632;52121080;SAO JOAO BATISTA;134;;345;FUNDAO;33553792;;;1;1;1;0;0;0;0;0;2;1;0;0;0;1;0;0;1;0;1;0;0;1;0;0;0;0;1;0;0;0;0;0;1;0;0;0;1;0;1;1;0;0;0;0;0;0;0;3;3;2;;3;;;;;;;;;1;26;8;18;1;1;23;0;0;1;0;0;0;0;1;0;0;0;0
26120585;88;ESCOLA MUNICIPAL PROFESSORA SONIA MARIA DE ARAUJO SOUZA;-8,136956169;-34,94255494;51260090;BODOCO;S/N;QUADRA P;221;JORDAO;33554556;;;2;1;1;0;0;0;0;0;1;1;0;0;0;0;1;0;1;0;0;0;0;1;0;0;0;0;1;1;0;0;0;0;1;0;0;0;1;1;0;1;0;1;0;0;0;0;0;6;6;2;;2;;;;1;;;;;1;11;3;8;1;1;12;0;1;1;0;1;0;1;1;0;0;1;0
26123495;89;ESCOLA MUNICIPAL DOUTOR ANTONIO CORREIA;-8,090318254;-34,94422864;50900490;TEOFILO OTONI;980;;876;BARRO;;33553816;;2;1;1;0;0;0;0;0;3;1;0;0;0;0;1;0;1;0;1;0;0;1;0;0;0;0;1;0;0;0;0;0;1;1;0;0;0;0;0;0;0;0;0;0;0;0;0;6;6;6;;1;;;;2;;;;;1;12;3;9;1;1;54;1;1;1;0;1;0;1;1;0;0;1;0
26120658;90;ESCOLA MUNICIPAL ALMIRANTE SOARES DUTRA;-8,078937213;-34,89532185;50090380;CAMUTANGA;180;;51;CABANGA;33553880;;EMSOARESDUTRA@YAHOO.COM.BR;2;1;1;0;0;0;0;0;3;1;0;0;0;0;1;0;1;0;1;1;0;1;0;0;0;0;1;1;0;0;0;0;1;1;1;0;1;0;1;1;0;1;0;0;0;0;0;8;8;2;;2;;;1;2;;;;;1;11;3;8;1;1;46;0;0;1;0;0;0;1;1;0;0;0;0
26118670;91;ESCOLA MUNICIPAL DOS COELHOS;-8,068750451;-34,89091411;50060290;DOS COELHOS;591;BOA VISTA;86;BOA VISTA;33553486;;SAENDE.ANDRADE@HOTMAIL.COM;1;1;1;0;0;0;0;0;1;1;0;0;0;0;1;0;1;0;1;1;1;1;0;1;0;0;1;1;0;0;0;0;1;1;1;0;1;0;0;1;0;0;0;0;0;0;0;16;16;2;;2;;;1;1;;;;;1;25;8;17;1;1;83;0;1;1;0;1;0;1;1;0;0;1;0
26122570;92;ESCOLA MUNICIPAL DOM HELDER CAMARA;-8,041123809;-34,88820714;52021050;MARQUES DO PARANA;320;;124;ESPINHEIRO;33553668;34271291;ESCOLADOMHELDERCAMARA@GMAIL.CO;1;1;1;0;0;0;0;0;3;1;0;0;0;1;0;0;1;0;1;1;1;1;0;1;0;1;1;0;1;0;0;0;1;1;0;0;1;1;0;1;0;1;0;0;0;1;0;8;8;3;;1;;;;2;;;;;1;18;5;13;1;1;50;1;1;1;0;0;0;1;1;0;0;0;0
26122014;93;ESCOLA MUNICIPAL SEDE DA SABEDORIA;-8,040176164;-34,8768427;50110470;ARTEMIS;30;;108;SANTO AMARO;33553442;;;1;1;1;0;0;0;0;0;1;1;0;0;0;1;0;0;1;0;1;1;1;1;0;1;0;0;1;1;0;0;0;0;1;0;1;1;1;1;1;1;0;1;0;0;0;0;0;10;10;2;;1;;;;;;;;;1;17;5;12;1;1;62;0;1;1;0;1;0;0;1;0;0;1;1
26136269;95;ESCOLA MUNICIPAL SITIO DO CEU;-8,041317782;-34,88052678;50110110;ANCHIETA;85;;108;SANTO AMARO;33553852;33554553;NELIAFREIRE@YAHOO.COM.BR;1;1;1;0;0;0;0;0;1;1;0;0;0;1;0;0;1;0;1;0;1;1;0;0;0;0;1;0;0;0;0;0;1;0;1;0;0;0;0;0;0;0;0;0;0;0;0;5;5;3;;1;;;;1;;;;;1;11;3;8;1;1;32;0;0;1;0;1;0;1;1;0;0;1;0
26122600;96;ESCOLA MUNICIPAL SANTA CECILIA;-8,03689571;-34,88044542;52031212;ALICE GOMES;49;;280;CAMPO GRANDE;33553841;;;1;1;1;0;0;0;0;0;1;1;0;0;0;1;0;0;1;0;1;0;1;1;0;0;0;0;1;1;0;0;0;0;1;0;1;0;1;1;1;1;0;0;0;0;0;0;0;8;8;2;;2;;;1;;;;;;1;18;5;13;1;0;44;1;1;1;0;1;0;0;1;0;0;1;0
26175380;97;ESCOLA MUNICIPAL PEDRO ALCANTARA;-8,002327793;-34,93754388;52091190;TRES MORROS;43;;620;CORREGO DO JENIPAPO;33556570;;EPEDROALCANTARA@YAHOO.COM.BR;1;2;1;0;0;0;0;0;2;1;0;0;0;0;1;0;1;0;0;0;1;1;0;0;0;0;1;0;1;0;0;0;0;0;0;0;0;0;1;0;0;0;1;0;0;0;0;4;4;1;;1;;;;;;;;;1;11;3;8;1;0;26;0;0;1;0;1;0;0;1;0;0;1;0
26119331;98;ESCOLA MUNICIPAL PADRE JOSE DE ANCHIETA;-8,073300579;-34,9179405;50760001;CAPITAO ADOLFO TAQUIS;S/N;;787;MUSTARDINHA;33554188;33554189;;2;1;1;0;0;0;0;0;1;1;0;0;0;1;0;0;1;0;1;1;1;1;0;1;0;0;1;0;1;0;0;0;1;0;0;1;0;0;1;1;0;0;1;0;0;0;0;11;11;4;;;;;1;;;;;;1;30;9;21;1;1;68;0;0;1;0;1;0;0;1;0;0;1;0
26128950;99;ESCOLA MUNICIPAL IRMA TEREZINHA BATISTA - PROJ NOVO VIVER;-8,015193855;-34,88208793;52121030;IGUATU;S/N;;310;CAMPINA DO BARRETO;33553588;34435729;;1;1;1;0;0;0;0;0;1;1;0;0;0;1;0;0;1;0;1;0;1;1;0;0;0;0;1;0;1;0;0;0;1;0;1;0;1;0;1;1;0;1;0;0;0;0;0;9;9;3;;2;;;;1;;;;;1;11;3;8;1;1;51;0;0;1;0;0;0;1;1;0;0;0;0
26120682;100;ESCOLA MUNICIPAL BALBINA MENELAU;-8,083244267;-34,94961837;50790070;JOAO DE ANDRADE;82;;868;JARDIM SAO PAULO;33553992;34554946;;2;1;1;0;0;0;0;0;2;1;0;0;0;0;1;0;1;0;1;1;1;1;0;0;0;0;1;1;0;1;0;0;1;1;0;0;1;0;0;1;1;0;1;0;0;0;0;6;6;2;;1;;;1;1;;;;;1;18;5;13;1;1;38;0;0;1;0;1;0;1;1;0;0;1;0
26134057;101;ESCOLA MUNICIPAL MANOEL ROLIM;-8,087782611;-34,94833074;50920120;PAJUSSARA;57;;892;TEJIPIO;33554966;;EM.MANUELROLIM@EDUCARECIFE.COM;2;1;1;0;0;0;0;0;1;1;0;0;0;1;0;0;1;0;1;0;0;1;0;0;0;0;1;0;1;0;0;0;1;1;1;1;0;0;1;1;0;0;0;0;0;0;0;7;7;2;;2;;;;;;;;;1;11;3;8;1;1;38;0;0;1;0;1;0;1;1;0;0;1;0
26123541;102;ESCOLA MUNICIPAL ANDRE DE MELO;-8,083818442;-34,93089042;50865100;MORAES E SILVA;180;;833;ESTANCIA;33553784;33553780;;2;1;1;0;0;0;0;0;1;1;0;0;0;1;0;0;1;0;1;1;1;1;0;0;0;0;1;1;0;0;0;1;1;1;1;0;1;0;1;1;0;1;0;0;0;0;0;12;12;3;3;1;;;1;1;;;;;1;2;;2;1;1;54;0;1;1;0;1;0;1;1;0;0;1;0
26120283;103;ESCOLA MUNICIPAL VILA OPERARIA DO RECIFE;-8,124086472;-34,93642046;51240490;EMILIO MONTEIRO FONSECA;1530;;230;IBURA;33556579;34627727;;2;1;1;0;0;0;0;0;1;1;0;0;0;1;0;0;1;0;1;1;1;1;0;0;0;0;1;1;0;0;0;0;1;1;0;0;1;1;1;1;0;0;0;0;0;0;0;7;7;3;;1;;;1;;;;;;1;12;3;9;1;1;47;0;0;1;0;1;0;0;1;0;0;1;0
26121980;104;ESCOLA MUNICIPAL GENERAL EMIDIO DANTAS BARRETO;-8,050896244;-34,88338138;50100200;DA SAUDADE;300;;108;SANTO AMARO;33554061;33554060;EM.EMIDIODANTAS@EDUCARECIFE.CO;1;1;1;0;0;0;0;0;1;1;0;0;0;1;0;0;1;0;1;1;1;1;0;1;0;1;1;1;0;1;0;0;1;1;1;1;1;1;0;1;0;1;1;0;0;0;0;8;8;8;;8;1;;1;4;;;;;1;13;4;9;1;1;88;0;1;1;0;1;0;1;1;0;0;1;0
26120712;105;ESCOLA MUNICIPAL DO LEAO;-8,121502442;-34,89880637;51021280;BRUNO VELOSO;300;;205;BOA VIAGEM;33553872;34657954;;2;1;1;0;0;0;0;0;3;1;0;0;0;1;0;0;1;0;1;1;0;1;0;0;0;0;1;0;1;1;0;1;0;0;0;0;0;1;1;1;0;1;0;0;0;0;0;6;6;3;;1;;;;1;;;;;0;;;;;;32;0;0;1;0;1;0;1;1;0;0;1;0
26132249;106;ESCOLA MUNICIPAL PINTOR LULA CARDOSO AYRES;-8,131139531;-34,93805985;51250350;DR ALVARO FERRAZ;594;;221;JORDAO;33556346;34627642;PINTORLULA@HOTMAIL.COM;2;1;1;0;0;0;0;0;1;0;0;1;0;1;0;0;1;0;1;0;0;1;0;0;0;0;1;0;1;0;0;0;1;0;1;0;0;1;0;1;0;1;0;0;0;0;0;8;8;2;;1;;;;1;;;;;1;10;3;7;1;1;36;0;1;1;0;0;0;1;1;0;0;0;0
26124483;107;ESCOLA MUNICIPAL CAPELA SANTO ANTONIO;-8,087138789;-34,90229043;51150192;SAO MARCOS;S/N;ILHA DEUS;264;IMBIRIBEIRA;33554907;;EM.CAPELASANTOANTONIO@GMAIL.CO;2;1;1;0;0;0;0;0;3;1;0;0;0;1;0;0;1;0;1;0;0;0;0;0;0;0;1;1;0;0;0;0;1;1;0;0;0;0;1;0;0;0;1;0;0;0;0;6;6;1;;1;;1;;2;;;;;1;2;;2;1;1;24;0;0;1;0;0;0;0;1;0;0;0;0
26125560;108;ESCOLA MUNICIPAL PROFESSOR JOSE LOURENCO DE LIMA;-8,122166987;-34,94100624;51240380;NOVA AMERICA;168;A BELA VIS;230;IBURA;33556502;34715583;GRACABENEVIDES@HOTMAIL.COM;2;1;1;0;0;0;0;0;2;1;0;0;0;0;1;0;1;0;0;0;1;1;0;0;0;0;1;0;0;0;0;0;1;0;0;0;1;0;1;0;0;1;0;0;0;0;0;8;8;1;;1;;;;1;;;;;1;34;11;23;1;1;42;1;1;1;0;1;0;1;1;0;0;1;0
26134002;110;ESCOLA MUNICIPAL KARLA PATRICIA;-8,108803567;-34,89582247;51020170;PROFESSOR EDUARDO WANDERLEI FILHO;700;;205;BOA VIAGEM;33554040;;ESCOLAMKARLAPATRICIA@YAHOO.COM;2;1;1;0;0;0;0;0;1;1;0;0;0;1;0;0;1;0;1;1;1;1;0;1;0;0;1;1;0;0;0;0;0;1;1;0;1;1;0;1;0;0;0;0;0;0;0;13;13;2;;1;;1;1;2;;;;;1;23;7;16;1;1;67;0;1;1;0;1;0;1;1;0;0;1;0
26128110;111;ESCOLA MUNICIPAL ALDA ROMEU;-8,013671092;-34,90094657;52211250;CORREGO DO DEODATO;401;;337;AGUA FRIA;33553490;;EMALDAROMEU@YAHOO.COM.BR;1;1;1;0;0;0;0;0;1;1;0;0;0;0;1;0;1;0;1;1;1;1;0;0;0;0;1;1;0;0;0;0;1;0;1;1;1;0;1;1;0;0;0;0;0;0;1;9;9;1;;1;;;;;;;;;1;22;7;15;1;1;48;0;0;1;0;1;0;1;1;0;0;1;0
26119994;112;ESCOLA MUNICIPAL NOVO PINA;-8,091540281;-34,88812493;51011140;EURICO VITRUVIO;236;;248;PINA;33554112;34657553;EM.NOVOPINA@EDUCARECIFE.COM;2;1;1;0;0;0;0;0;1;1;0;0;0;0;1;0;1;0;1;1;1;1;0;1;1;1;1;1;0;1;0;0;1;0;1;1;1;1;1;1;0;1;1;0;0;1;1;11;11;4;;3;;;1;4;;;;;1;12;3;9;1;1;56;0;1;1;0;1;0;1;1;0;0;1;0
26126370;113;ESCOLA MUNICIPAL ALTO DA GUABIRABA;-7,991847016;-34,93331055;52091000;PRESIDENTE COSTA E SILVA;SN;;418;GUABIRABA;33554036;34419860;EMAG_EDUCAR@YAHOO.COM.BR;1;1;1;0;0;0;0;0;1;1;0;0;0;0;1;0;1;0;1;1;1;1;0;0;0;0;1;1;0;0;0;0;1;0;0;0;1;1;1;1;0;1;0;0;0;0;0;10;10;2;;3;;;1;1;;;;;1;10;3;7;1;1;48;0;0;1;0;0;0;1;1;0;0;0;0
26125854;115;ESCOLA MUNICIPAL ALTO JARDIM PROGRESSO;-8,004572345;-34,92603265;52190510;ALTO JARDIM PROGRESSO;300;;566;NOVA DESCOBERTA;33553430;;ESCOLA.ALTOJARDIMPROGRESSO@YAH;1;1;1;0;0;0;0;0;1;1;0;0;0;0;1;0;1;0;1;1;1;1;0;1;0;0;1;1;0;0;0;0;1;0;0;0;1;0;1;1;0;1;0;0;0;0;0;8;8;;;1;;;1;1;;;;;1;18;5;13;1;0;55;0;0;1;0;0;0;1;1;0;0;0;0
26119129;116;ESCOLA MUNICIPAL DOIS RIOS;-8,126938729;-34,94466161;51300260;IRMA MARIA EVANGELISTA;83;DOIS RIOS;230;IBURA;33553600;34753973;EMDOISRIOS@BOL.COM.BR;2;1;1;0;0;0;0;0;1;1;0;0;0;0;1;0;1;0;1;0;0;1;0;0;0;0;1;1;1;0;0;0;1;0;1;0;0;0;0;0;0;0;0;0;0;0;0;8;8;2;;2;;;;;;;;;1;18;5;13;1;1;42;0;0;1;0;1;0;1;1;0;0;1;0
26126680;120;ESCOLA MUNICIPAL CORREGO DA AREIA;-8,003101526;-34,93201139;52091220;CORREGO DA AREIA;5449;;566;NOVA DESCOBERTA;33554484;33554485;EMCORREGODAAREIA@HOTMAIL.COM;1;1;1;0;0;0;0;0;1;1;0;0;0;0;1;0;1;0;1;1;0;1;0;0;0;0;1;0;0;0;0;0;1;0;0;0;1;0;1;0;0;1;0;0;0;0;0;5;5;2;1;1;;;;;;;;;1;19;6;13;1;1;32;0;0;1;0;1;0;0;1;0;0;1;0
26125510;121;ESCOLA MUNICIPAL OSWALDO LIMA FILHO;-8,098474568;-34,88655417;51011050;ENGENHEIRO DOMINGOS FERREIRA;1040;;248;PINA;33553928;33553929;;2;1;1;0;0;0;0;0;1;1;0;0;0;1;0;0;1;0;1;1;1;1;0;1;1;1;0;1;0;0;0;0;1;0;1;1;0;1;0;1;0;0;0;0;0;0;0;12;12;2;2;1;;;1;3;;;;;1;21;6;15;1;1;86;1;1;1;0;1;0;0;1;0;0;1;0
26124661;127;ESCOLA MUNICIPAL PROFESSOR MANOEL TORRES;-8,128549322;-34,91171188;51030210;ELADIO RAMOS;232;;205;BOA VIAGEM;33553924;33553925;EMPMANOELTORRES@HOTMAIL.COM;2;1;0;0;0;0;0;1;;1;0;0;0;1;0;0;1;0;0;0;1;1;0;1;0;0;1;0;1;0;0;0;1;0;1;0;0;0;0;0;0;0;1;0;0;0;0;9;9;4;;2;;;;;;;;;1;10;3;7;1;1;46;1;1;1;0;1;0;1;1;0;0;1;0
26126427;131;ESCOLA MUNICIPAL PASTOR PAULO LEIVAS MACALAO;-8,01214745;-34,90884076;52131410;ALTEROSA;27;;388;LINHA DO TIRO;33553418;32698333;EPLEMACALAO@GMAIL.COM;1;1;1;0;0;0;0;0;1;1;0;1;0;0;1;0;1;0;1;1;1;1;0;1;0;0;1;1;0;0;0;0;1;0;0;0;1;0;1;1;0;1;0;0;0;0;0;8;8;3;;1;;;1;1;;;;;1;21;6;15;1;1;33;0;1;1;0;1;0;1;1;0;0;1;0
26126524;132;ESCOLA MUNICIPAL PROFESSOR NILO PEREIRA;-8,027191701;-34,92569903;52070230;DO ARRAIAL;4900;;434;CASA AMARELA;33553526;34418377;ESCOLANILOPEREIRA@GMAIL.COM;1;1;1;0;0;0;0;0;1;1;0;0;0;1;0;0;1;0;1;1;1;1;0;0;1;1;1;1;0;1;1;0;1;1;0;1;1;1;1;1;0;1;1;1;0;1;1;13;13;2;1;1;;;1;3;;;;;1;36;11;25;1;1;78;0;1;1;0;1;0;1;1;0;0;1;1
26154846;133;ESCOLA MUNICIPAL 27 DE NOVEMBRO;-8,090061094;-34,88693518;52050310;DOZE DE JULHO;1120;UR 05;230;IBURA;33553534;;EM.27DENOVEMBRO@YAHOO.COM.BR;2;1;0;0;0;0;0;1;;1;0;0;0;0;1;0;1;0;1;0;1;0;0;0;0;0;1;0;1;0;0;0;1;0;0;0;0;0;1;1;0;1;0;0;0;0;0;6;6;4;;1;;;;2;;;;;1;1;;1;1;1;32;0;0;1;0;0;0;1;1;0;0;0;0
26177978;137;ESCOLA MUNICIPAL NOVA MORADA;-8,025697612;-34,95244838;50980685;ELIANE FRAGOSO DO NASCIMENTO;24;;744;CAXANGA;33553546;;EM_NOVAMORADA@YAHOO.COM.BR;2;2;1;0;0;0;0;0;2;1;0;0;0;0;1;0;1;0;1;0;1;1;0;0;0;0;1;0;0;0;0;0;1;0;0;0;1;0;0;0;0;0;1;0;0;0;0;10;10;;;;;;;;;;;;1;1;;1;1;1;72;0;1;1;0;1;0;1;1;0;0;1;0
26120402;139;ESCOLA MUNICIPAL DO DOM;-8,048003193;-34,95885734;50741120;CORONEL PACHECO;115;;736;VARZEA;33554492;32722065;EM.DOM@HOTMAIL.COM;2;1;1;0;0;0;0;0;1;1;0;0;0;0;1;0;1;0;0;1;1;0;0;0;0;0;1;0;0;1;0;1;1;1;0;0;1;0;0;1;0;1;1;0;0;0;0;5;5;2;;1;;;;;;;;;1;22;7;15;1;1;35;0;0;1;0;0;0;1;0;0;0;0;0
26124610;141;ESCOLA MUNICIPAL FUTURO FELIZ;-8,125691427;-34,9583286;51330200;IBIRAJUBA;440;;884;COHAB;33554942;;EMFUTUROFELIZ2010@GMAIL.COM;2;1;1;0;0;0;0;0;1;1;0;0;0;0;1;0;1;0;1;1;1;1;0;0;0;0;1;0;1;0;0;0;1;0;1;1;1;1;1;0;0;1;0;0;0;0;0;6;6;3;2;;;;;1;;;;;1;13;4;9;1;1;27;0;0;1;0;0;0;1;1;0;0;0;0
26171716;144;ESCOLA MUNICIPAL ARTISTA PLASTICO CICERO DIAS;-8,13257885;-34,94976075;51320120;JOAO JOAQUIM DE MELO FILHO;26;UR 05;230;IBURA;33556294;;EMCICERODIAS@YAHOO.COM.BR;2;2;1;0;0;0;0;0;2;0;0;1;0;1;0;0;1;0;1;0;0;1;0;0;0;0;1;0;0;0;0;0;1;1;0;0;1;1;0;1;0;0;0;0;0;0;0;4;4;;1;1;;;;1;;;;;1;16;5;11;1;1;23;0;0;1;0;0;0;1;0;0;0;0;0
26121662;145;ESCOLA MUNICIPAL PADRE ANTONIO HENRIQUE;-8,061363557;-34,90004356;52010060;VISCONDESSA DO LIVRAMENTO;290;;140;DERBY;33553836;;;1;1;1;0;0;1;0;0;1;0;0;0;1;1;0;0;1;0;1;0;1;1;0;1;0;0;1;1;0;1;0;0;1;1;1;1;1;1;1;0;0;1;1;0;0;1;0;12;12;4;;2;;;1;3;;;;;1;24;7;17;1;1;99;0;0;1;1;1;0;1;1;1;1;1;0
26124092;146;ESCOLA MUNICIPAL ABILIO GOMES;-8,120378758;-34,90743345;51021280;BRUNO VELOZO;S/N;;205;BOA VIAGEM;33553462;;EM.ABILIOGOMES@EDUCARECIFE.COM;2;1;1;0;0;0;0;0;3;1;0;0;0;0;1;0;1;0;1;0;0;1;0;1;0;0;1;0;0;0;0;0;1;0;0;0;1;0;0;1;0;0;0;0;0;0;0;8;8;3;;1;;;;;;;;;1;12;3;9;1;1;44;0;1;1;0;1;0;1;1;0;0;1;0
26125480;148;ESCOLA MUNICIPAL JARDIM MAURICEIA;-8,089424271;-34,91485673;51170010;NICOLAU COPERNICO;1107;;264;IMBIRIBEIRA;33553684;;;2;1;1;0;0;0;0;0;2;1;0;0;0;1;0;0;1;0;1;0;0;1;0;0;0;1;1;0;0;0;0;0;1;1;0;0;1;1;0;1;0;0;0;0;0;0;0;7;7;1;;1;;;;2;;;;;1;12;3;9;1;1;39;0;0;1;0;0;0;1;1;0;0;0;0
26134049;150;ESCOLA MUNICIPAL NOSSA SENHORA DA PENHA;-8,129824978;-34,90474276;51021490;FRANCISCO DE BARROS BARRETO;109;;205;BOA VIAGEM;33553564;;ESCMNSPENHA@HOTMAIL.COM;2;1;0;0;0;0;0;1;;0;0;1;0;1;0;0;1;0;0;0;1;1;0;0;0;0;1;1;1;0;0;0;1;0;0;0;0;1;0;1;0;0;0;0;0;0;0;6;6;6;;;;;;2;;;;;1;10;3;7;1;1;36;0;0;1;0;1;0;0;1;0;0;1;0
26121832;163;ESCOLA MUNICIPAL CRISTINA TAVARES;-8,122629201;-34,95502526;51340600;PANELAS;9;UR 02;230;IBURA;33553736;;EMCRISTINATAVARES@HOTMAIL.COM;2;1;1;0;0;0;0;0;2;1;0;0;0;1;0;0;1;0;1;0;0;1;0;0;0;0;1;0;0;0;0;0;1;0;0;0;1;0;1;1;0;0;0;0;0;0;0;7;7;2;;1;;;;1;;;;;1;18;5;13;1;1;36;0;0;1;0;1;0;1;1;0;0;1;0
26125544;164;ESCOLA MUNICIPAL POETA PAULO BANDEIRA DA CRUZ;-8,121989076;-34,95556542;51340600;DAS PANELAS;28;;884;COHAB;33554021;;;2;1;1;0;0;0;0;0;1;1;0;0;0;1;0;0;1;0;1;1;1;1;0;1;0;0;1;0;1;0;0;0;1;1;1;1;1;1;1;1;0;1;1;0;0;0;0;10;10;2;;1;;;;3;;;;;1;15;4;11;1;1;51;0;0;1;0;1;0;1;1;0;0;1;1
26128888;176;ESCOLA MUNICIPAL DEUS E AMOR;-8,018190512;-34,89866997;52111430;LADEIRA DE PEDRA;395;APASCOAL;337;AGUA FRIA;33554216;;;1;1;0;0;0;0;0;1;;1;0;0;0;0;1;0;1;0;1;0;0;1;0;0;0;0;1;0;0;0;0;0;1;0;1;1;1;0;0;1;0;1;1;0;0;0;0;5;5;2;;;;;;;;;;;1;26;8;18;1;1;29;0;1;1;0;1;0;1;1;0;0;1;0
26124076;182;ESCOLA MUNICIPAL WALDEMAR VALENTE;-8,076045603;-34,94747878;50790310;GASTAO DE CARVALHO;360;CURADO;868;JARDIM SAO PAULO;33550106;33555672;SP.BELTRAO@UOL.COM;2;1;1;0;0;0;0;0;3;1;0;0;0;0;1;0;1;0;1;0;1;1;0;0;0;1;1;1;0;0;0;0;1;0;1;0;1;1;1;1;0;1;0;0;0;0;0;6;6;1;;1;;;;;;;;;1;13;4;9;1;1;35;0;1;1;0;1;0;1;1;0;0;1;0
26124467;183;ESCOLA MUNICIPAL BEATO EUGENIO MAZENOD;-8,101562855;-34,91358788;51180260;LUXEMBURGO;303;;264;IMBIRIBEIRA;33556937;34710514;EUGENIOMAZENOD@GMAIL.COM;2;1;1;0;0;0;0;0;3;1;0;0;0;0;1;0;1;0;1;0;1;1;0;0;0;0;1;0;1;0;0;0;1;0;0;0;1;0;0;1;0;0;0;0;0;0;0;7;7;2;;2;;;;1;;;;;1;10;3;7;1;1;59;0;1;1;0;1;0;1;1;0;0;1;0
26125579;186;ESCOLA MUNICIPAL SAO FRANCISCO DE ASSIS;-8,145187131;-34,91296527;51130080;COSMORAMA;900;;205;BOA VIAGEM;33550030;33550031;ESCOLAMSF@HOTMAIL.COM;2;2;1;0;0;0;0;0;1;1;0;0;0;1;0;0;1;0;1;0;0;1;0;0;0;0;1;0;0;0;0;0;1;0;0;0;1;0;0;0;0;1;1;0;0;0;0;8;8;1;;1;;;;;;;;;1;12;3;9;1;1;32;0;1;1;0;1;0;1;1;0;0;1;0
26136300;187;ESCOLA MUNICIPAL ALTO DO MARACANA;-8,002450784;-34,90912096;52150141;VILA FLOR;356;;396;DOIS UNIDOS;33554887;;ESCOLAMARACANA@YAHHO.COM.BR;1;1;1;0;0;0;0;0;1;1;0;1;0;0;1;0;1;0;1;1;1;1;0;0;0;0;1;1;0;0;0;0;1;0;1;0;1;0;1;0;0;0;1;0;0;0;0;8;8;3;;1;;;;1;;;;;1;11;3;8;1;1;35;0;1;1;0;1;0;0;1;0;0;1;0
26124815;188;ESCOLA MUNICIPAL PROFESSOR SIMOES BARBOSA;-8,115108696;-34,93971137;51230000;DOIS RIOS;S/N;;230;IBURA;33553920;34972905;EMPSB@YAHOO.COM.BR;2;1;1;0;0;0;0;0;1;1;1;0;0;0;1;0;1;0;0;0;1;1;0;0;0;0;1;1;0;0;0;0;1;0;0;0;1;0;0;1;0;1;1;0;0;0;0;12;12;2;;;;;;2;;;;;1;16;5;11;1;1;81;0;1;1;0;1;0;0;1;0;0;1;1
26134379;189;ESCOLA MUNICIPAL SANTO AMARO;-8,04644762;-34,87782082;50100000;NORTE;752;;108;SANTO AMARO;33553696;;;1;1;1;0;0;0;0;0;1;1;0;0;0;1;0;0;1;0;1;0;1;0;0;0;0;0;1;0;0;0;0;0;1;0;0;0;0;0;0;1;0;0;0;0;0;0;0;6;6;3;;;;;;;;;;;1;1;;1;1;1;33;0;0;1;0;1;0;1;1;0;0;1;0
26127016;190;ESCOLA MUNICIPAL CASARAO DO BARBALHO;-8,028861231;-34,93474944;50800290;DO BARBALHO;1595;;698;IPUTINGA;33553864;;CASARAOBARBALHO@YAHOO.COM.BR;2;1;1;0;0;0;0;0;1;1;0;0;0;1;0;0;1;0;1;1;0;1;0;1;0;1;1;1;0;1;0;0;1;1;1;1;1;1;1;1;0;0;1;0;1;1;0;12;12;;;;;;;;;;;;1;10;3;7;1;1;68;0;1;1;0;1;0;1;1;0;0;1;0
26123673;202;ESCOLA MUNICIPAL SANTO ANTONIO DO CACOTE - ANX I - EMLURB;-8,100221424;-34,92973016;50870440;GUARACI;16;;841;CACOTE;33553580;32520685;ESCOLADOCACOTE@GMAIL.COM;2;1;0;0;1;0;0;0;;1;0;0;0;0;0;1;1;0;0;0;0;0;0;0;0;0;0;0;0;0;0;0;1;0;0;0;0;0;0;0;0;0;0;0;0;0;0;1;1;;;;;;;;;;;;0;;;;;;1;0;0;0;0;1;0;0;0;0;0;1;0
26171740;203;ESCOLA MUNICIPAL DA GUABIRABA - ANEXO II;-7,993301473;-34,93516641;52291140;CASSITERITA;39;;418;GUABIRABA;32324323;;EMDAGUABIRABA@GMAIL.COM;1;2;0;0;0;0;0;1;;1;0;0;0;0;1;0;1;0;0;0;0;0;0;0;0;0;0;0;0;0;0;0;1;1;0;0;0;0;0;0;0;0;0;0;0;0;0;3;3;;;;;;;;;;;;0;;;;;;10;0;0;1;0;0;0;1;1;0;0;0;0
26133622;206;ESCOLA MUNICIPAL NOVA DESCOBERTA;-7,987701307;-34,92979273;52390000;JORNALISTA WALDETE AGRA;100;;400;PASSARINHO;32678163;33553612;;1;1;1;0;0;0;0;0;1;1;0;0;0;1;0;0;1;0;1;0;0;1;0;0;0;0;1;0;0;0;0;0;1;0;0;0;1;1;0;1;0;1;0;0;0;0;0;11;11;3;;1;;;1;3;;;;;0;;;;;;57;0;1;1;0;1;0;1;1;0;0;1;0
26133837;213;ESCOLA MUNICIPAL CRISTIANO CORDEIRO;-8,11497543;-34,95382193;51340210;SANTOS;S/N;COHAB UR2;230;IBURA;33553797;34755554;;2;1;1;0;0;0;0;0;3;1;0;0;0;0;1;0;1;0;1;1;1;1;0;0;0;0;1;1;0;0;0;0;1;0;1;0;0;0;0;1;0;0;0;0;0;0;0;10;10;4;;2;;;;2;;;;;1;19;6;13;1;1;67;0;1;1;0;1;0;1;1;0;0;1;0
26139723;237;ESCOLA MUNICIPAL ALTO SANTA TEREZINHA;-8,009863483;-34,90284676;52131000;ANIBAL BENEVOLO;S/N;;370;BEBERIBE;33553856;;;1;1;1;0;0;0;0;0;3;1;0;0;0;0;1;0;1;0;1;1;1;1;0;0;0;0;1;1;0;1;0;0;1;1;1;0;1;0;1;1;0;1;0;0;0;0;0;12;12;3;;2;;;;2;;;;;1;12;3;9;1;1;63;0;1;1;0;1;0;1;1;0;0;1;0
26139090;245;ESCOLA MUNICIPAL PROFESSOR FLORESTAN FERNANDES;-8,115849145;-34,9424946;51230050;RIO NOVO DO SUL;S/N;;230;IBURA;33554938;;;2;2;1;0;0;0;0;0;1;1;0;0;0;0;1;0;1;0;1;1;1;1;0;0;1;1;1;1;0;0;0;0;1;0;0;0;0;1;1;1;0;1;0;0;0;0;0;10;10;2;;1;;;;5;;;;;1;18;5;13;1;1;64;0;0;1;0;1;0;0;1;0;0;1;0
26132635;246;ESCOLA MUNICIPAL JORDAO BAIXO;-8,13088;-34,938654;51250340;GOVERNADOR ROBERTO SILVEIRA;51;CASA;221;JORDAO;33556514;34626824;;2;1;1;0;0;0;0;0;2;1;0;0;0;1;0;0;1;0;1;0;1;1;0;1;0;0;1;0;1;0;0;0;1;1;1;1;0;1;0;0;0;1;1;0;0;0;0;5;5;1;;1;;;;;;;;;1;22;7;15;1;1;40;0;0;1;0;1;0;1;1;0;0;1;0
26134067;247;ESCOLA MUNICIPAL SEVERINA BERNADETE TEIXEIRA;-8,124733199;-34,95670543;51330110;IBICARE;120;;884;COHAB;33556023;34753704;;2;1;1;0;0;0;0;0;1;1;0;0;0;0;1;0;1;0;1;0;1;0;0;0;0;0;1;0;1;0;0;0;1;1;0;0;0;1;1;1;0;0;1;0;0;0;0;8;8;2;2;1;;;1;1;;;;;1;1;;1;1;1;44;0;0;1;0;1;0;1;1;0;0;1;0
26132643;249;ESCOLA MUNICIPAL FERNANDO SANTA CRUZ;-8,137170548;-34,94361097;51260000;BOANERGES PEREIRA;1;QUADRA 2T;221;JORDAO;33554500;34622777;EMFSCRUZ@HOTMAIL.COM;2;1;1;0;0;0;0;0;1;1;0;0;0;1;0;0;1;0;1;0;0;1;0;1;0;0;1;0;0;0;0;0;1;0;1;1;1;1;1;1;0;1;0;0;0;0;0;3;3;2;;1;;;;1;;;;;1;19;6;13;1;1;26;0;0;1;0;0;0;1;1;0;0;0;0
26149370;251;ESCOLA MUNICIPAL ALTO DO REFUGIO - IVAN NEVES;-7,999948498;-34,92526752;52191100;ALTO DO REFUGIO;250;;574;BREJO DE BEBERIBE;33554468;;ESCOLAREFUGIO@YAHOO.COM.BR;1;1;1;0;0;0;0;0;3;1;0;0;0;0;1;0;1;0;1;0;1;0;0;0;0;0;1;0;0;0;0;0;1;1;0;0;1;0;1;1;0;0;0;0;0;0;0;10;10;1;;1;;;;2;;;;;1;2;;2;1;0;66;0;1;1;0;1;0;0;1;0;0;1;0
26136335;252;ESCOLA MUNICIPAL RENATO ACCIOLY CARNEIRO CAMPOS;-8,004430001;-34,92528616;52190100;SANTA ROSA;140;;566;NOVA DESCOBERTA;33556590;;;1;1;1;0;0;0;0;0;1;1;0;0;0;1;0;0;1;0;1;1;0;1;0;0;0;0;1;0;0;0;0;0;1;0;0;0;0;0;1;1;0;1;0;0;0;0;0;5;5;3;;1;;;;;;;;;1;11;3;8;1;1;34;0;1;1;0;0;0;0;1;0;0;0;0
26126524;253;ESCOLA MUNICIPAL PROFESSOR NILO PEREIRA - ANEXO I;-8,027191701;-34,92569903;52060430;SAMUEL DE FARIAS;127;;442;CASA FORTE;32681025;;ESCOLANILOPEREIRA@GMAIL.COM;1;2;0;0;0;0;0;1;;1;0;0;0;1;0;0;1;0;1;1;1;1;0;0;0;1;1;1;0;1;1;0;1;1;0;0;1;1;1;1;0;1;1;1;0;1;1;3;3;;;;;;;;;;;;1;2;;2;0;;10;0;0;1;0;0;0;1;1;0;0;0;0
26132267;255;ESCOLA MUNICIPAL DEPUTADO FERNANDO SAMPAIO;-8,010782981;-34,92518982;52090240;ALTO ANTONIO FELIX;105;;566;NOVA DESCOBERTA;33554930;33554931;;1;1;1;0;0;0;0;0;1;1;0;0;0;1;0;0;1;0;1;0;0;1;0;0;0;0;1;0;1;0;0;0;1;1;1;0;1;0;0;1;0;0;1;0;0;1;0;10;10;1;;1;;;;;;;;;1;10;3;7;1;0;44;0;1;1;0;1;0;1;1;0;0;1;0
26122898;256;ESCOLA MUNICIPAL DO COQUE;-8,071536171;-34,90014956;50080320;MIRANDOPOLIS;35;COQUE;43;ILHA JOANA BEZERRA;33553636;34480425;EM.DOCOQUE@EDUCARECIFE.COM.BR;2;1;1;0;0;0;0;0;1;1;0;0;0;1;1;0;1;0;1;1;1;1;0;1;0;0;1;1;1;0;0;0;1;0;1;1;1;1;0;0;0;1;1;0;0;0;0;12;12;1;;1;;;1;1;;;;;1;18;5;13;1;1;75;0;0;1;0;1;0;0;1;0;0;0;1
26123622;257;ESCOLA MUNICIPAL LOJISTAS DO RECIFE;-8,07659738;-34,96553289;50791540;BR 232 KM 07;2501;;752;CURADO;33550007;;ESCOLALOJISTADORECIFE@BOL.COM;2;1;1;0;0;0;0;0;3;1;0;0;0;1;0;0;1;0;1;1;1;1;0;0;0;0;1;1;0;0;0;0;1;0;0;0;0;1;1;1;0;0;1;0;0;1;0;17;17;3;;2;;;1;;;;;;1;11;3;8;1;1;58;0;0;1;0;0;0;1;1;0;0;0;0
26128926;258;ESCOLA MUNICIPAL ANITA PAES BARRETO;-8,01485051;-34,88733424;52221010;GERONCIO FALCAO;198;ALTO MIRAM;345;FUNDAO;33553568;;ANITAPAESBARRETO@HOTMAIL.COM;1;2;1;0;0;0;0;0;3;1;0;0;0;0;1;0;1;0;0;0;1;0;0;0;0;0;1;0;1;0;0;0;1;0;0;0;1;0;0;0;0;0;0;0;0;0;0;4;4;2;;2;;;;1;;;;;1;11;3;8;1;1;31;0;0;1;0;1;0;0;1;0;0;1;0
26132267;261;ESCOLA MUNICIPAL DEPUTADO FERNANDO SAMPAIO - ANX I - ANTONIO FELIX;-8,010782981;-34,92518982;52090183;COLINA DOS ANDES;30;;566;NOVA DESCOBERTA;33554464;;EM.FERNANDOSAMPAIO@EDUCARECIFE;1;2;1;0;0;0;0;0;2;1;0;0;0;1;0;0;1;0;0;0;0;0;0;0;0;0;1;0;1;0;0;0;1;1;0;0;1;0;0;0;0;0;1;0;0;0;0;4;4;1;;1;;;;;;;;;0;;;;;;14;0;0;1;0;0;0;1;1;0;0;0;0
26126583;265;ESCOLA MUNICIPAL SANTA MARIA GORETTI;-8,011305057;-34,91834042;52280640;SANTA MARIA GORETTI;S/N;;558;VASCO DA GAMA;33556995;;EMSMG2009@HOTMAIL.COM;1;1;1;0;0;0;0;0;1;1;0;0;0;0;1;0;1;0;1;1;1;1;0;0;0;0;1;1;0;0;0;0;1;0;1;0;1;0;1;1;0;1;0;0;0;0;0;8;8;2;1;1;;;;1;;;;;1;14;4;10;1;1;38;0;1;1;0;1;0;1;1;0;0;1;0
26123100;269;ESCOLA MUNICIPAL SANTA EDWIGES;-8,069961657;-34,90724574;50750590;JURITI;41;;779;AFOGADOS;33553628;34480414;EMSANTAEDWIGES@HOTMAIL.COM;2;1;1;0;0;0;0;0;2;1;0;0;0;0;1;0;1;0;1;0;0;1;0;0;0;0;1;0;1;0;0;0;1;0;0;0;1;0;0;0;0;0;0;0;0;0;0;5;5;3;;1;;;;;;;;;1;12;3;9;1;1;38;0;0;1;0;0;0;0;1;0;0;0;0
26119218;273;ESCOLA MUNICIPAL DA IPUTINGA - ANX I ASS CRISTA FEMININA;-8,041487242;-34,92812948;50710020;VERMELHA;68;;655;TORRE;33554096;33554097;;2;1;1;0;0;0;0;0;1;1;0;0;0;0;1;0;1;0;1;1;1;1;0;0;0;0;1;1;1;1;0;0;1;1;1;1;1;1;1;1;0;1;0;1;0;1;1;4;4;1;;;;;;;;;;;1;29;9;20;0;;15;0;0;1;0;0;0;1;1;0;0;0;0
26126818;277;ESCOLA MUNICIPAL DOM JOSE LAMARTINE - ANX I - CENT VIV CRISTA;-8,008286048;-34,91953155;52081070;ALTO DO EUCALIPTO;S/N;;558;VASCO DA GAMA;33556302;34421742;DOMJOSELAMARTINE@HOTMAIL.COM;1;2;1;0;0;0;0;0;3;1;0;0;0;0;1;0;1;0;0;0;0;0;0;0;0;0;1;0;0;0;0;0;1;0;0;0;1;0;0;0;0;0;0;0;0;1;0;4;4;1;;;;;;;;;;;0;;;;;;16;0;0;1;0;0;0;1;1;0;0;0;0
26121913;282;ESCOLA MUNICIPAL LUTADORES DO BEM;-8,044047156;-34,87722366;50110400;CORONEL VIRGILIO DE MEDEIROS;65;;108;SANTO AMARO;33556318;;EMLUTADORESDOBEM@GMAIL.COM;1;1;1;0;0;0;0;0;3;1;0;0;0;1;0;0;1;0;1;1;1;1;0;0;0;0;1;0;1;0;0;0;1;0;1;1;1;0;0;1;0;1;1;0;0;0;0;7;7;3;;2;;;1;;;;;;1;13;4;9;1;1;39;0;0;1;0;1;0;1;1;0;0;1;0
26122464;285;ESCOLA MUNICIPAL SERVICO SOCIAL DE BELEM;-8,032486643;-34,89424179;52041260;RODOLFO DE HOLANDA;248;;175;ENCRUZILHADA;33554048;;EM.BELEM@EDUCARECIFE.COM.BR;1;1;0;1;0;0;0;0;;1;0;0;0;1;0;0;1;0;1;0;0;1;0;0;0;0;1;0;0;0;0;0;1;1;0;0;0;0;0;0;0;1;0;0;0;0;0;6;6;2;2;1;;;;1;;;;;1;17;5;12;1;1;38;0;0;1;0;0;0;1;1;0;0;0;0
26126966;288;ESCOLA MUNICIPAL PEDRINHO;-8,006893377;-34,9238117;50080090;CORREGO DO ARCANJO;118;;566;NOVA DESCOBERTA;33556857;34420515;EMPEDRINHO@HOTMAIL.COM;1;2;1;0;0;0;0;0;3;1;0;0;0;0;1;0;1;0;1;0;1;1;0;0;0;0;1;0;0;0;0;0;1;1;0;0;1;0;0;1;0;0;1;0;0;0;0;4;4;2;;;;;;1;;;;;1;18;5;13;0;;27;0;0;1;0;0;0;1;0;0;0;0;0
26121972;289;ESCOLA MUNICIPAL CIDADAO HERBERT DE SOUZA;-8,045693615;-34,88705058;50100130;ARNOBIO MARQUES;310;;108;SANTO AMARO;33554081;;;1;1;1;0;0;0;0;0;3;1;0;0;0;1;0;0;1;0;1;0;0;1;0;0;0;0;1;0;1;0;0;0;1;0;0;0;0;1;1;0;0;0;1;0;0;1;0;6;6;1;;1;;;;2;;;;;1;17;5;12;1;1;37;0;1;1;0;0;0;1;1;0;0;0;0
26123649;290;ESCOLA MUNICIPAL PAROQUIAL PROFESSORA PRIMITIVA DE BARROS SILVA;-8,083534949;-34,93809716;50781590;ATOR ELPIDIO CAMARA;122;;868;JARDIM SAO PAULO;33553446;32516358;ESCOLAPRIMITIVA@YAHOO.COM.BR;2;1;0;0;0;0;0;1;;1;0;0;0;1;0;0;1;0;1;0;0;1;0;0;0;0;1;0;0;0;0;0;1;0;0;0;0;0;1;0;0;0;0;0;0;0;0;6;6;1;;1;;;;1;;;;;1;11;3;8;1;1;37;0;0;1;0;0;0;1;1;0;0;0;0
26123088;291;ESCOLA MUNICIPAL EDITE BRAGA;-8,079111945;-34,90500688;50070080;NICOLAU PEREIRA;85;;779;AFOGADOS;33553692;;ANAC_PEIXOTO@HOTMAIL.COM;2;1;1;0;0;0;0;0;1;1;0;0;0;1;0;0;1;0;1;0;0;1;0;0;0;0;1;1;1;0;0;0;1;0;0;0;1;0;0;1;0;0;1;0;0;1;0;7;7;2;;1;;;;1;;;;;1;11;3;8;1;1;45;0;1;1;0;1;0;1;1;0;0;1;0
26127644;292;ESCOLA MUNICIPAL DOUTOR EBENEZER GUEIROS;-8,036876868;-34,93278694;50680160;DOUTOR ALVISIO BALTAR;69;;698;IPUTINGA;33556912;;;2;1;1;0;0;0;0;0;1;1;0;0;0;1;0;0;1;0;1;1;1;1;0;1;1;1;1;1;0;0;0;0;1;0;1;0;1;1;0;1;0;0;0;0;0;0;0;8;8;3;;2;;;1;1;;;;;1;19;6;13;0;;50;1;1;1;0;1;0;1;1;0;0;1;0
26127784;297;ESCOLA MUNICIPAL JOAO PESSOA GUERRA;-8,056134909;-34,95831048;50741490;ISAAC BURIL;107;;736;VARZEA;33553980;34532878;JPESSOAGUERRA@GAMIL.COM;2;1;1;0;0;0;0;0;3;1;0;0;0;1;0;0;1;0;1;1;0;1;0;0;0;0;1;0;1;0;0;0;1;0;0;0;1;1;1;0;0;1;1;0;0;0;0;6;6;1;;1;;;;1;;;;;1;11;3;8;1;1;30;0;1;1;0;1;0;1;1;0;0;1;0
26148161;298;ESCOLA MUNICIPAL EDUCADOR PAULO FREIRE;-8,110298941;-34,92375598;51350420;GENERAL BENTO DA GAMA;301;;213;IPSEP;33553952;33553953;EM.PAULOFREIRE@EDUCAR.COM.BR;2;1;1;0;0;0;0;0;1;1;0;0;0;1;0;0;1;0;1;1;1;1;0;1;1;1;1;1;0;1;0;0;1;1;1;0;1;0;1;1;0;1;0;0;0;0;0;13;13;3;;3;;;1;3;;;;;1;32;10;22;1;1;60;0;1;1;0;1;0;1;1;0;0;1;0
26158280;304;ESCOLA MUNICIPAL JARDIM UCHOA;-8,10082445;-34,93811438;50780270;JUPIATA;211;JARD UCHOA;850;AREIAS;34557013;33553620;EM.JARDIMUCHOA@EDUCARECIFE.COM;2;2;1;0;0;0;0;0;1;1;0;0;0;1;0;0;1;0;1;1;1;1;0;0;0;0;1;0;0;0;0;0;1;0;1;1;0;0;1;0;0;0;1;0;0;0;0;6;6;2;;1;;;;1;;;;;1;11;3;8;1;1;35;0;1;1;0;1;0;0;1;0;0;1;0
26122308;306;ESCOLA MUNICIPAL SEVERINA LIRA;-8,031336985;-34,90333419;52110070;DA BOA VONTADE;110;;191;TAMARINEIRA;33556958;;;1;1;0;0;0;0;0;1;;1;0;0;0;1;0;0;1;0;1;0;0;1;0;1;0;0;1;1;0;0;0;0;1;0;1;0;1;1;0;0;0;0;1;0;0;0;0;5;5;2;;2;;;;1;;;;;1;17;5;12;1;0;45;0;0;1;0;1;0;1;1;0;0;1;0
26155869;309;ESCOLA MUNICIPAL ENGENHEIRO HENOCH COUTINHO DE MELO;-8,084552378;-34,88508976;51010680;DAS OFICINAS;12;;256;BRASILIA TEIMOSA;33556847;33271194;HENOCHCOUTINHO@YAHOO.COM.BR;2;1;1;0;0;0;0;0;1;1;0;0;0;0;1;0;1;0;1;1;0;1;0;1;0;0;1;1;0;0;0;0;1;0;1;1;1;0;1;1;0;1;0;0;0;0;0;6;6;2;;1;;;1;1;;;;;1;16;5;11;1;1;34;1;1;1;0;1;0;0;1;0;0;0;1
26166658;310;ESCOLA MUNICIPAL DE CASA AMARELA;-8,009152581;-34,93234429;52191040;CORREGO DA AREIA;287;;582;MACAXEIRA;33554473;;;1;1;1;0;0;0;0;0;1;1;0;0;0;0;1;0;1;0;1;0;0;1;0;0;0;0;1;1;0;0;0;0;1;0;0;0;1;1;1;1;0;1;0;0;0;0;0;6;6;;;1;;;;1;;;;;1;11;3;8;1;1;29;0;0;1;0;0;0;0;1;0;0;0;0
26147300;312;ESCOLA MUNICIPAL NOSSA SENHORA DO PILAR;-8,057922828;-34,86995308;50030250;ALFREDO LISBOA;S/N;;19;RECIFE;33554528;33554000;EMNSP@HOTMAIL.COM;2;1;1;0;0;0;0;0;1;1;0;0;0;0;1;0;1;0;1;0;1;1;0;0;0;1;1;1;1;0;0;0;1;1;1;0;0;1;0;0;0;0;0;0;0;0;0;9;9;3;;;;;;;;;;;1;16;5;11;1;1;52;0;0;1;0;1;1;1;1;0;0;1;0
26145227;313;ESCOLA MUNICIPAL HISTORIADOR FLAVIO GUERRA - ANEXO I;-7,98536492;-34,92991682;52390040;ALTO DA TELHA;320;;400;PASSARINHO;33554504;;PASTORAJUCIARA@BOL.COM.BR;1;2;1;0;0;0;0;0;1;1;0;0;0;0;1;0;1;0;0;1;0;0;0;0;0;0;1;0;0;0;0;0;1;1;0;0;1;0;1;0;0;0;0;0;0;0;0;4;4;1;;;;;;;;;;;0;;;;;;49;0;0;1;0;0;0;1;1;0;0;0;0
26125560;314;ESCOLA MUNICIPAL PROFESSOR JOSE LOURENCO DE LIMA ANX I BALAO MAGICO;-8,122166987;-34,94100624;51240100;CASSIANO LEITE;651;;230;IBURA;33556996;;GRACABENEVIDE@HOTMAIL.COM;2;1;1;0;0;0;0;0;2;1;0;0;0;1;0;0;1;0;0;0;0;1;0;0;0;0;1;0;0;0;0;0;1;0;0;0;1;0;0;0;0;0;0;0;0;0;0;4;4;1;;1;;;;;;;;;1;17;5;12;0;;13;0;0;1;0;1;0;1;1;0;0;1;0
26126419;318;ESCOLA MUNICIPAL PRESBITERO JOSE BEZERRA;-8,014967414;-34,93114793;52090260;NORTE MIGUEL ARRAES DE ALENCAR;7636;;582;MACAXEIRA;33554011;;EMPJB@HOTMAIL.COM;1;2;1;0;0;0;0;0;1;1;0;0;0;1;0;0;1;0;1;1;1;1;0;0;1;1;1;1;0;0;0;0;1;1;0;0;1;0;1;1;0;0;0;0;0;0;0;11;11;;;;;;;;;;;;1;14;4;10;1;1;55;0;1;1;0;1;0;1;1;0;0;1;0
26166593;321;ESCOLA MUNICIPAL ALTO DO PASCOAL;-8,014828;-34,902297;52111430;LADEIRA DE PEDRA;958;A PASCOAL;337;AGUA FRIA;33554220;33554221;EMALTODOPASCOAL@HOTMAIL.COM;1;2;1;0;0;0;0;0;1;1;0;0;0;1;0;0;1;0;1;0;0;0;0;0;0;0;1;0;1;0;0;0;1;0;0;0;0;0;0;1;0;0;0;0;0;0;0;3;3;;;1;;;;1;;;;;1;2;;2;1;1;62;0;1;1;0;0;0;0;1;0;0;0;0
26153475;331;ESCOLA MUNICIPAL VILA SANTA LUZIA;-8,049626086;-34,92100612;50711180;ELIZEU CAVALCANTI;52;;680;CORDEIRO;33553550;;VILASANTALUZIA@HOTMAIL.COM;2;1;1;0;0;0;0;0;1;0;0;1;0;1;0;0;1;0;1;1;1;1;0;0;0;0;1;1;0;0;0;0;1;0;1;1;1;0;0;1;0;0;0;0;0;0;0;12;12;1;;;;;;;;;;;1;11;3;8;1;1;80;0;0;1;0;1;0;1;1;0;0;1;0
26153599;332;ESCOLA MUNICIPAL PROFESSOR RICARDO GAMA;-8,007224301;-34,90436735;52131010;GUAIRA;160;;388;LINHA DO TIRO;33553690;;RICARDOGAMA11@YAHOO.COM;1;1;1;0;0;0;0;0;1;1;0;0;0;0;1;0;1;0;1;1;1;1;0;1;0;1;1;1;0;0;0;0;1;1;1;0;1;0;0;1;0;1;0;0;0;0;0;7;7;3;;1;;;;;;;;;1;20;6;14;1;1;64;0;1;1;0;1;0;1;1;0;0;1;1
26153556;333;ESCOLA MUNICIPAL MARLUCE SANTIAGO DA SILVA;-7,980495242;-34,91773669;52170010;CONCRIZ;S/N;;400;PASSARINHO;33554974;33554974;MSANTIAGOSILVA@HOTMAIL.COM;1;1;1;0;0;0;0;0;1;1;0;0;0;1;0;0;1;0;1;1;1;1;0;0;0;0;1;0;1;0;0;0;1;0;1;1;1;0;0;1;0;1;0;0;0;0;0;9;9;3;;1;;;;;;;;;1;14;4;10;1;1;55;0;1;1;0;1;0;1;1;0;0;1;0
26153424;334;ESCOLA MUNICIPAL DARCY RIBEIRO;-8,045548394;-34,92064946;50711280;ODETE MONTEIRO;450;;680;CORDEIRO;33554110;;;2;1;1;0;0;0;0;0;1;1;0;0;0;1;0;0;1;0;1;1;1;1;0;1;0;0;1;1;0;0;0;0;1;0;1;1;0;0;1;1;0;1;1;0;0;0;0;13;13;2;;;;;;2;;;;;1;13;4;9;1;1;81;0;1;1;0;1;0;1;1;0;0;1;0
26153386;335;ESCOLA MUNICIPAL PROFESSOR ANTONIO DE BRITO ALVES;-8,073734925;-34,91797669;50760002;ERNESTO CAVALCANTE;41;;787;MUSTARDINHA;33554899;33554898;;2;1;1;0;0;0;0;0;1;1;0;0;0;1;0;0;1;0;1;1;1;1;0;0;1;1;1;1;0;0;0;0;1;0;1;1;1;0;0;1;0;1;0;0;0;1;0;12;12;3;;1;1;1;1;2;;;;;1;29;9;20;1;1;79;0;1;1;0;1;0;0;1;0;0;1;0
26153297;336;ESCOLA MUNICIPAL PROFESSOR ENALDO MANOEL DE SOUZA;-8,134987035;-34,94027375;51260170;JURACY CAMARGO;S/N;;221;JORDAO;33553624;34629938;EM.ENALDOMANOEL@EDUCARECIFE.CO;2;1;1;0;0;0;0;0;1;1;0;0;0;0;1;0;1;0;1;1;1;1;0;0;0;0;1;1;0;0;0;0;0;0;1;1;1;0;1;0;0;0;0;0;0;0;0;10;10;2;;;;;;;;;;;1;17;5;12;1;0;56;0;1;1;0;0;0;1;1;0;0;0;0
26154137;339;ESCOLA MUNICIPAL PROFESSOR POTIGUAR MATOS;-8,072733614;-34,92559547;50761350;VINTE E UM DE ABRIL;2191;;817;SAN MARTIN;33554998;33553054;EM.POTIGUARMATOS@EDUCAR.COM;2;1;1;0;0;0;0;0;1;1;0;0;0;1;0;0;1;0;1;1;1;1;0;1;0;0;1;1;0;0;0;0;1;1;1;1;0;0;1;1;1;1;1;0;0;0;0;8;8;3;;1;;;;1;;;;;1;13;4;9;1;1;43;0;0;1;0;1;0;1;1;0;0;1;1
26155850;340;ESCOLA MUNICIPAL DINA DE OLIVEIRA;-8,030355773;-34,9348591;50731370;SAO MATEUS;S/N;;698;IPUTINGA;33554204;33554205;LENINAOLIVEIRA@GMAIL.COM;2;1;1;0;0;0;0;0;1;1;0;0;0;1;0;0;1;0;1;1;1;1;0;1;1;1;1;1;1;0;0;0;1;0;0;1;1;1;1;1;1;1;1;0;0;1;0;16;16;2;;1;;2;1;3;;;;;1;36;11;25;1;1;106;1;1;1;0;1;0;0;1;0;0;1;1
26154820;341;ESCOLA MUNICIPAL PROFESSOR SOLANO MAGALHAES;-8,087609805;-34,89342294;51110200;JEMIL ASFORA;S/N;;248;PINA;33553985;;MANA_CUNHA@IG.COM.BR;2;1;1;0;0;0;0;0;1;1;0;0;0;0;1;0;1;0;1;1;1;1;0;1;1;1;1;1;0;0;0;0;1;1;1;1;0;0;1;1;0;1;0;0;0;0;0;9;9;2;;1;;;;1;;;;;1;18;5;13;1;1;40;0;1;1;0;1;0;1;1;0;1;1;0
26158752;342;ESCOLA MUNICIPAL CORREGO DO EUCLIDES;-8,014919663;-34,9147173;52080000;CORREGO DO EUCLIDES;1231;;558;VASCO DA GAMA;33553494;;;1;2;1;0;0;0;0;0;1;1;0;0;0;1;0;0;1;0;1;0;0;0;0;0;0;0;1;0;0;0;0;0;1;0;0;0;0;0;1;1;0;0;0;0;0;0;0;3;3;3;;1;;;;;;;;;1;26;8;18;1;1;37;0;1;1;0;1;0;0;1;0;0;1;0
26155818;346;ESCOLA MUNICIPAL PROFESSORA JANDIRA BOTELHO PEREIRA DA COSTA;-8,023999882;-34,87781893;52040320;FARIAS NEVES;SN;;280;CAMPO GRANDE;33554508;;JANDIRA.BOTELHO.PE@GMAIL.COM;1;1;1;0;0;0;0;0;1;1;0;0;0;1;0;0;1;0;1;1;1;1;0;1;0;0;1;1;0;0;0;0;1;0;1;0;0;0;1;1;0;1;0;0;0;1;0;14;14;2;;1;;;;;;;;;1;8;2;6;0;;74;0;0;1;0;0;0;1;1;0;0;0;0
26157845;347;ESCOLA MUNICIPAL PROFESSOR JOAO BATISTA LIPPO NETO;-8,035415396;-34,9901254;50960460;BARAO DE CERRO LARGO;S/N;;736;VARZEA;33550086;34587545;MSA.MARTA@GMAIL.COM;2;1;1;0;0;0;0;0;1;1;0;0;0;1;0;0;1;0;1;1;1;1;0;0;0;0;1;1;0;0;0;0;1;0;1;0;1;1;1;1;0;1;0;0;0;0;0;12;12;1;;1;;;1;1;;;;;1;20;6;14;0;;65;0;1;1;0;1;0;1;1;0;0;1;0
26157888;348;ESCOLA MUNICIPAL PASTOR JOSE MUNGUBA SOBRINHO;-8,13948281;-34,92866712;51250100;SILVA JARDIM;145;;221;JORDAO;33554069;34619785;E.M.PASTORMUNGUBA@HOTMAIL.COM;2;2;1;0;0;0;0;0;1;1;0;0;0;0;1;0;1;0;1;1;1;1;0;0;0;0;1;0;1;0;0;0;1;0;1;0;0;0;0;0;0;1;0;0;0;0;0;6;6;3;;1;;;;2;;;;;1;18;5;13;1;1;33;0;0;1;0;1;0;0;1;0;0;1;0
26164701;354;ESCOLA MUNICIPAL PARQUE DOS MILAGRES;-8,117281854;-34,95429264;51340080;CANTOR LEANDRO;S/N;;230;IBURA;33556562;;AZENATEGOMES@GMAIL.COM;2;1;1;0;0;0;0;0;3;1;0;0;0;0;1;0;1;0;0;0;1;1;0;1;0;0;1;0;0;0;0;1;1;1;0;1;0;0;1;1;0;1;0;0;0;0;0;12;12;1;;;;;;;;;;;1;10;3;7;1;1;34;0;0;1;0;0;0;1;1;0;0;0;0
26167808;360;ESCOLA MUNICIPAL SERRA DA PRATA;-8,129996358;-34,95408301;51330530;PESSEGUEIROS;20;UR 05;230;IBURA;33556018;;EMSERRADAPRATA@GMAIL.COM;2;1;1;0;0;0;0;0;2;1;0;0;0;0;1;0;1;0;0;0;1;1;0;0;0;0;0;0;0;0;0;0;1;0;0;0;1;0;0;1;0;1;0;0;0;0;0;14;14;;;1;;;;;;;;;1;11;3;8;1;0;39;0;1;1;0;0;0;1;1;0;0;0;0
26158302;365;ESCOLA MUNICIPAL PROFESSOR JOAO FRANCISCO DE SOUZA;-8,03575677;-34,9735447;50970250;EXPEDICIONARIO JORGE DA COSTA LIMA;39;UR07;736;VARZEA;33550100;;;2;2;1;0;0;0;0;0;2;1;0;0;0;0;1;0;1;0;0;0;0;1;0;0;0;0;1;0;0;0;0;0;1;0;0;0;1;0;0;0;0;0;0;0;0;0;0;11;11;2;;1;;;1;;;;;;1;19;6;13;1;0;30;0;0;1;0;0;0;1;1;0;0;0;0
26158310;371;ESCOLA MUNICIPAL ISAAC PEREIRA DA SILVA;-8,093358689;-34,93481686;50870650;OITICICA LINS;S/N;;850;AREIAS;33554012;32516194;EMIPS_2009@HOTMAIL.COM;2;1;1;0;0;0;0;0;1;1;0;0;0;0;1;0;1;0;1;1;1;1;0;1;0;0;1;1;0;0;0;0;1;0;1;1;1;0;1;1;0;1;0;0;0;0;0;6;6;2;;;;;;1;;;;;1;13;4;9;1;1;57;0;0;1;0;1;0;1;1;0;0;1;0
26164361;372;ESCOLA MUNICIPAL JOSE MUCIO MONTEIRO;-8,124776163;-34,95336013;51320540;JOAO RIO BRANCO DE LIMA;125;;230;IBURA;33553609;34770203;ESCOLAJOSEMUCIO@GMAIL.COM;2;1;1;0;0;0;0;0;1;1;0;0;0;1;0;0;1;0;1;1;1;1;0;0;0;0;1;0;1;0;0;0;1;0;0;0;1;1;1;1;0;0;0;0;0;0;0;8;8;2;;1;;;;;;;;;1;18;5;13;1;1;58;0;1;1;0;1;0;1;1;0;0;1;0
26158299;373;ESCOLA MUNICIPAL PROFESSOR JULIO DE OLIVEIRA;-8,099414952;-34,90835657;51150230;DEZESSEIS;S/N;RES CAFESO;264;IMBIRIBEIRA;33553510;;;2;2;1;0;0;0;0;0;1;1;0;0;0;1;0;0;1;0;1;1;1;1;0;1;0;1;1;1;0;0;0;1;1;0;1;1;1;1;0;1;0;1;0;0;0;0;0;12;12;3;;1;;;;3;;;;;1;19;6;13;1;1;77;0;1;1;0;1;0;1;1;0;0;1;0
26158329;374;ESCOLA MUNICIPAL DEPUTADO EDSON CANTARELLI;-8,129888116;-34,93865216;51240320;RUBINEIA;49;;221;JORDAO;33553788;33427168;EMDEC2@GMAIL.COM;2;2;1;0;0;0;0;0;1;1;0;0;0;0;1;0;1;0;0;1;1;1;0;1;0;0;1;1;0;0;0;0;1;0;0;0;1;1;0;1;0;1;0;0;0;0;0;7;7;2;;1;;;1;2;;;;;1;22;7;15;1;1;41;0;1;1;0;1;0;0;1;0;0;1;0
26158370;375;ESCOLA MUNICIPAL PROFESSOR ORLANDO PARAHYM;-8,12756921;-34,94728879;51300161;SOLDADO VIRGILIO LUCIO;104;UR4;884;COHAB;33556002;34771697;;2;2;1;0;0;0;0;0;1;1;0;0;0;1;0;0;1;0;1;0;1;1;0;0;0;0;1;0;0;0;0;0;1;0;0;0;0;0;1;1;0;1;0;0;0;0;0;6;6;2;;1;;;;1;;;;;1;12;3;9;1;1;29;0;1;1;0;0;0;1;1;0;0;0;0
26166666;376;ESCOLA MUNICIPAL PROFESSOR JOSE SOARES DA SILVA;-8,006818955;-34,92329953;52090080;BARAO DE BOTOVI;5785;;566;NOVA DESCOBERTA;33554084;33554086;;1;2;1;0;0;0;0;0;1;1;0;0;0;1;0;0;1;0;1;1;1;1;0;0;0;0;1;1;0;0;0;0;1;0;0;0;0;1;1;1;0;1;0;0;0;0;0;8;8;1;;;;;;1;;;;;1;19;6;13;1;1;39;0;0;1;0;0;0;0;1;0;0;0;0
26175878;377;CRECHE MUNICIPAL CELESTE VIDAL;-7,996782;-34,955838;52291655;JARDIM ELDORADO;275;A;418;GUABIRABA;33550212;;;1;1;1;0;0;0;0;0;3;1;0;0;0;0;1;0;1;0;0;0;1;0;0;0;0;0;1;0;0;1;0;0;1;1;0;0;1;0;1;1;0;0;1;0;0;0;0;4;4;1;;;;;;;;;;;1;1;;1;0;;26;0;0;1;0;0;1;1;0;0;0;0;0
26175371;378;ESCOLA MUNICIPAL ANEXA CASA AMARELA;-8,000927;-34,925854;52191050;SANHARO;10;;566;NOVA DESCOBERTA;33554910;;;1;2;1;0;0;0;0;0;2;1;0;0;0;0;1;0;1;0;0;0;1;0;0;0;0;0;1;0;0;0;0;0;1;0;1;0;1;0;0;0;0;0;0;0;0;0;0;3;3;;;;;;;;;;;;1;22;7;15;1;1;24;0;0;1;0;0;0;1;0;0;0;0;0
26175355;379;ESCOLA MUNICIPAL PROFESSORA HELIA MARIA PEREIRA;-8,036861944;-34,88035002;52031212;ALICE GOMES;37;;280;CAMPO GRANDE;33553414;;;1;2;1;0;0;0;0;0;1;1;0;0;0;1;0;0;1;0;1;0;1;1;0;0;0;0;1;0;1;1;0;0;1;1;0;0;1;0;1;1;0;0;1;0;0;0;1;4;4;1;;1;;;;;;;;;1;1;;1;1;1;22;0;0;1;0;0;0;1;0;0;0;0;0
26175398;380;ESCOLA MUNICIPAL MERCIA DE ALBUQUERQUE FERREIRA;-8,065644075;-34,9062788;50750230;TABAIARES;182;;760;ILHA DO RETIRO;33554076;33554077;;2;2;1;0;0;0;0;0;1;1;0;0;0;1;0;0;1;0;1;1;1;1;0;0;0;0;1;1;0;0;0;0;1;0;0;0;1;0;1;1;0;1;0;0;0;0;0;6;6;1;;;;;;;;;;;1;11;3;8;1;1;37;0;0;1;0;0;0;1;1;0;0;0;0
26175363;382;ESCOLA MUNICIPAL CECILIA MEIRELLES;-8,015281645;-34,92923584;52090300;MADRE LINCH;189;PC BURITI;582;MACAXEIRA;33554914;;CACALSIMONE38@GMAIL.COM;1;2;1;0;0;0;0;0;1;1;0;0;0;1;0;0;1;0;0;0;1;1;0;0;0;0;1;0;1;1;0;0;1;0;0;0;1;0;0;1;0;1;0;0;0;1;0;6;6;1;;;;;;;;;;;1;11;3;8;1;1;70;0;1;1;0;1;0;1;1;0;0;1;0
26175347;384;ESCOLA MUNICIPAL FREI TADEU GLASER;-8,043453868;-34,88539373;50110110;AGAMENON MAGALHAES;600;;108;SANTO AMARO;33553576;;EM.TADEUGLASER@EDUCARECIFE.COM;1;2;1;0;0;0;0;0;2;1;0;0;0;1;0;0;1;0;1;1;1;1;0;0;0;0;1;1;1;1;0;0;1;1;0;0;1;0;1;1;0;1;0;0;0;0;0;4;4;1;;1;;;;;;;;;1;9;2;7;1;1;30;0;0;1;0;0;0;1;0;0;0;0;0
26128950;385;ESCOLA MUNICIPAL IRMA TEREZINHA BATISTA - ANEXO I;-8,015193855;-34,88208793;52121010;DOS CRAVEIROS;273;;310;CAMPINA DO BARRETO;33554954;;EM.TEREZINHABATISTA@EDUCARECIF;1;1;0;0;0;0;0;1;;1;0;0;0;1;0;0;1;0;0;0;0;0;0;0;0;0;1;0;1;0;0;0;1;0;0;0;0;0;0;0;0;1;0;0;0;0;0;4;4;1;;1;;;;;;;;;0;;;;;;16;0;0;1;0;0;0;1;1;0;0;0;0
26177820;387;CRECHE MUNICIPAL VILA DOS MILAGRES;-8,115030817;-34,94541144;51345600;SAO MIGUEL;14;;230;IBURA;33554866;;;2;2;1;0;0;0;0;0;1;1;0;0;0;1;0;0;1;0;1;0;0;0;0;0;0;0;1;0;0;0;0;0;1;1;0;0;1;0;1;1;0;0;1;0;0;0;1;2;2;1;;1;;;;1;;;;;1;2;;2;0;;24;0;0;1;0;0;1;0;0;0;0;0;0
26177978;395;ESCOLA MUNICIPAL NOVA MORADA - ANEXO I;-8,025697612;-34,95244838;50980685;ELIANE FRAGOSO DO NASCIMENTO;87;;744;CAXANGA;33556326;;EM_NOVAMORADA@YAHOO.COM.BR;2;2;1;0;0;0;0;0;2;1;0;0;0;0;1;0;1;0;0;0;0;1;0;0;0;0;1;0;0;0;0;0;1;0;0;0;1;0;0;0;0;0;0;0;0;0;0;4;4;;;;;;;;;;;;0;;;;;;16;0;0;1;0;0;0;1;1;0;0;0;0
26122898;397;ESCOLA MUNICIPAL DO COQUE - ANEXO II;-8,071536171;-34,90014956;50080320;MIRANDOPOLIS;24;;43;ILHA JOANA BEZERRA;33553636;;;2;2;1;0;0;0;0;0;2;1;0;0;0;1;0;0;1;0;0;0;0;0;0;0;0;0;1;0;1;0;0;0;1;0;0;0;0;0;0;0;0;0;0;0;0;0;0;3;3;;;;;;;;;;;;0;;;;;;14;0;0;1;0;0;0;0;1;0;0;0;0
26212412;399;CRECHE MUNICIPAL PROFESSOR PAULO ROSAS;-8,056328061;-34,95617266;50740540;PROFESSOR LUIZ FREIRE;SN;;728;CIDADE UNIVERSITARIA;33554348;21267073;CMEI.PAULOROSAS@EDUCARECIFE.CO;2;2;1;0;0;0;0;0;1;1;0;0;0;0;1;0;1;0;1;1;1;0;0;0;0;0;1;1;0;1;1;0;1;1;0;0;1;1;1;1;0;0;0;0;0;1;1;5;5;;;;;;;;;;;;1;1;;1;0;;73;0;0;1;0;0;1;1;0;0;0;0;0
26212404;401;ESCOLA MUNICIPAL ROZEMAR DE MACEDO LIMA;-8,024867407;-34,90821084;52280680;NORTE;5400;;434;CASA AMARELA;33553092;;;1;2;1;0;0;0;0;0;1;0;0;1;0;1;0;0;1;0;1;1;1;1;0;1;1;1;1;1;0;0;0;0;1;1;1;1;1;1;1;1;1;1;1;0;0;1;1;17;17;;;;;;;;;;;;1;41;13;28;1;1;132;0;0;1;1;1;0;1;1;1;1;1;0
26212609;403;CRECHE MUNICIPAL ESTRELA DA MANHA;-8,102660199;-34,92216822;51180340;DANCING DAYS;135;;264;IMBIRIBEIRA;33554818;;;2;2;1;0;0;0;0;0;1;1;0;0;0;0;1;0;1;0;1;1;0;0;0;0;0;0;1;0;0;1;0;0;1;1;1;0;1;1;1;1;0;1;1;0;0;1;1;5;5;;;;;;;;;;;;1;2;;2;0;;39;0;0;1;0;0;1;1;0;0;0;0;0
26170710;404;ESCOLA MUNICIPAL SITIO DO BERARDO - ANEXO I;-8,05583666;-34,91414425;50720380;QUATRO DE OUTUBRO;120;;663;PRADO;33553764;;EM.SITIODOBERARDO@EDUCARECIFE.;2;2;1;0;0;0;0;0;2;1;0;0;0;1;0;0;1;0;0;0;0;0;0;0;0;0;1;0;0;0;0;0;1;0;0;0;0;0;0;0;0;0;0;0;0;0;0;2;2;;;;;;;;;;;;0;;;;;;10;0;0;1;0;0;0;0;1;0;0;0;0
26125854;406;ESCOLA MUNICIPAL ALTO JARDIM PROGRESSO - ANEXO I;-8,004572345;-34,92603265;52140100;SOBRAL PINTO;249;;566;NOVA DESCOBERTA;33553430;;;1;2;0;0;0;0;1;0;;1;0;0;0;0;1;0;1;0;0;0;0;0;0;0;0;0;0;0;0;0;0;0;1;0;0;0;0;0;0;0;0;0;0;0;0;0;0;2;2;;;;;;;;;;;;1;2;;2;0;;11;0;0;1;0;0;0;1;0;0;0;0;0
26132267;407;ESCOLA MUNICIPAL DEPUTADO FERNANDO SAMPAIO - ANX II;-8,010782981;-34,92518982;52090245;RITA ANTONIO FELIX;110;;566;NOVA DESCOBERTA;33554882;;EM.FERNANDOSAMPAIO@EDUCARECIFE;1;2;1;0;0;0;0;0;2;1;0;0;0;1;0;0;1;0;0;0;0;0;0;0;0;0;1;0;1;0;0;0;1;0;0;0;1;0;0;0;0;0;1;0;0;1;0;3;3;;;;;;;;;;;;0;;;;;;12;0;0;1;0;0;0;0;1;0;0;0;0
26123380;411;ESCOLA MUNICIPAL ALTO DA BELA VISTA - ANEXO I;-8,084702458;-34,96891739;50791180;ALTO DA BELA VISTA;369;;914;TOTO;33550120;32543097;ELINESOUZA4@YAHOO.COM;2;2;1;0;0;0;0;0;1;1;0;0;0;0;1;0;1;0;0;0;0;1;0;0;0;0;1;0;0;0;0;0;1;0;0;0;1;0;0;1;0;0;0;0;0;0;0;2;2;;;;;;;;;;;;0;;;;;;4;0;1;1;0;0;0;0;1;0;0;0;0
26122022;415;ESCOLA MUNICIPAL ANA ROSA FALCAO DE CARVALHO;-8,056287;-34,88037;50050550;JOAO LIRA;SN;;108;SANTO AMARO;33556546;;CMEI.ANAROSA@EDUCARECIFE.COM;1;2;1;0;0;0;0;0;1;1;0;0;0;1;0;0;1;0;0;1;1;0;0;1;1;1;1;1;1;1;0;0;1;1;1;0;1;0;0;1;0;1;1;0;0;0;0;8;8;;;;;;;;;;;;1;1;;1;0;;53;0;0;1;0;0;1;1;0;0;0;0;0
26124165;418;ESCOLA MUNICIPAL BERNARD VAN LEER;-8,085207;-34,883181;51010380;FRANCISCO VALPASSOS;SN;;256;BRASILIA TEIMOSA;33556554;;VASCAR@BOL.COM.BR;2;2;1;0;0;0;0;0;3;1;0;0;0;1;0;0;1;0;1;1;1;0;0;0;0;0;1;0;1;0;0;0;1;1;1;0;1;1;1;1;0;1;1;0;0;1;0;9;9;;;;;;;;;;;;0;;;;;;52;0;0;1;0;0;1;1;0;0;0;0;0
26419734;420;ESCOLA MUNICIPAL CHICO SCIENCE;-8,013121928;-34,92069923;52081110;CATIGUA;112;;558;VASCO DA GAMA;33556863;33556864;EM.CHICOSCIENCE@EDUCARECIFE.CO;1;2;1;0;0;0;0;0;2;1;0;0;0;1;0;0;1;0;1;1;0;1;0;0;0;0;1;0;1;0;0;0;1;0;1;0;1;0;1;1;0;1;1;0;0;0;0;4;4;;;;;;;;;;;;1;11;3;8;0;;28;0;0;1;0;0;0;1;0;0;0;0;0
26413779;422;CRECHE MUNICIPAL LUA LUAR;-8,0383933;-34,93085152;50711445;MAURICIO DE NASSAU;42;;698;IPUTINGA;33554850;;CRM.LUALUAR@EDUCARECIFE.COM.BR;2;2;1;0;0;0;0;0;1;1;0;0;0;1;0;0;1;0;1;0;1;0;0;0;0;0;1;0;0;1;0;0;1;1;0;0;1;1;1;1;0;0;0;0;0;0;1;4;4;;;;;;;;;;;;1;1;;1;0;;35;0;0;1;0;0;1;0;0;0;0;0;0
26419726;424;ESCOLA MUNICIPAL MILTON ALMEIDA DOS SANTOS;-8,109137126;-34,90974696;51150370;ITAUBA;227;;264;IMBIRIBEIRA;33554978;33554979;;2;2;1;0;0;0;0;0;1;1;0;0;0;1;0;0;1;0;1;1;0;0;0;0;0;0;1;1;0;0;0;1;1;1;0;0;1;0;0;1;0;0;0;0;0;1;0;6;6;;;;;;;;;;;;1;14;4;10;1;1;32;0;0;1;0;0;0;1;0;0;0;0;0
26443716;425;CRECHE MUNICIPAL DOUTOR ALBERICO DORNELAS CAMARA;-8,054386;-34,872141;50030903;CAIS DO APOLO;925;;19;RECIFE;33559216;33558527;BIA.AL_@HOTMAIL.COM;1;1;1;0;0;0;0;0;1;1;0;0;0;1;0;0;1;0;0;0;1;0;0;0;0;0;1;0;0;1;1;0;0;1;0;0;1;0;0;0;0;0;0;0;0;0;0;7;7;;;;;;;;;;;;1;1;;1;1;1;46;0;0;1;0;0;1;1;0;0;0;0;0
26419742;426;CRECHE MUNICIPAL COELHINHO PENSANTE;-8,042676233;-34,87830982;50110842;DA AMIZADE;41;A;108;SANTO AMARO;33554340;;;1;2;1;0;0;0;0;0;2;1;0;0;0;1;0;0;1;0;1;0;1;0;0;0;0;0;1;0;0;1;0;0;1;1;0;0;1;0;1;1;0;0;1;0;0;0;1;4;4;;;;;;;;;;;;1;1;;1;0;;41;0;0;1;0;0;1;1;0;0;0;0;0
26491710;427;ESCOLA MUNICIPAL BOLA NA REDE;-7,974089;-34,965075;50000000;ARTUR ORLANDO BEZERRA DE ANDRADE;100;;418;GUABIRABA;33550316;;;1;2;1;0;0;0;0;0;1;1;0;0;0;1;0;0;1;0;1;0;0;1;0;0;0;0;1;0;1;1;0;0;1;1;0;0;1;0;1;1;0;0;1;0;0;1;0;7;7;;;;;;;;;;;;1;11;3;8;0;;40;0;0;1;0;1;0;1;1;0;0;1;0
26181274;430;CRECHE VILA IMPERIAL;-8,024603;-34,886415;52120350;PEDRO DE MELO PEDROSA;S/N;;329;ARRUDA;33554999;;KARLAMRM@YAHOO.COM.BR;1;2;1;0;0;0;0;0;1;1;0;0;0;1;0;0;1;0;0;0;1;0;0;0;0;0;1;0;0;1;1;0;1;1;0;0;1;1;1;0;0;0;0;1;0;0;1;4;4;;;;;;;;;;;;1;1;;1;0;;45;0;0;1;0;0;1;0;0;0;0;0;0
26180685;432;CRECHE MUNICIPAL ZILDA ARNS;-8,114433;-34,905937;51160110;ANTONIO PAES;S/N;;264;IMBIRIBEIRA;88422143;;CRM.ZILDAARNS@HOTMAIL.COM;2;1;1;0;0;0;0;0;1;1;0;0;0;0;1;0;1;0;0;0;1;0;0;0;0;0;1;0;0;0;0;0;1;0;0;0;1;0;0;1;0;0;1;0;0;0;1;3;3;;;;;;;;;;;;0;;;;;;21;0;0;1;0;0;1;0;0;0;0;0;0
26124173;434;ESCOLA CENTRO DE EDUC INFAN 14 BIS;-8,130582;-34,909173;51130230;ALMIRANTE NELSO FERNANDES;SN;;205;BOA VIAGEM;34620985;;;2;2;1;0;0;0;0;0;3;1;0;0;0;1;0;0;1;0;1;1;1;1;0;0;0;1;1;1;0;1;0;0;1;1;0;0;1;0;1;1;0;0;1;0;0;1;0;6;6;;;;;;;;;;;;1;13;4;9;1;1;27;0;0;1;0;0;1;1;0;0;0;0;0
26149931;501;CRECHE MUNICIPAL MAEZINHA DO COQUE;-8,071889686;-34,90004065;50080730;GUAPIRAMA;S/N;;43;ILHA JOANA BEZERRA;33556993;;;2;1;1;0;0;0;0;0;1;1;0;0;0;0;1;0;1;0;1;1;1;0;0;0;0;0;1;0;1;1;1;1;1;1;1;0;1;1;1;1;0;1;1;0;0;1;1;5;5;;;;;;;;;;;;1;2;;2;0;;64;0;0;1;0;0;1;0;0;0;0;0;0
26149818;502;CRECHE MUNICIPAL VOVO ARTUR;-8,06907905;-34,89108095;50060670;BEIRA RIO;S/N;;60;COELHOS;33554372;;;1;1;1;0;0;0;0;0;1;1;0;0;0;1;0;0;1;0;1;1;0;0;0;0;1;1;1;0;0;1;1;0;1;1;0;0;1;1;1;1;1;0;0;0;0;0;1;5;5;;;;;;;;;;;;1;1;;1;1;0;54;0;0;1;0;0;1;0;0;0;0;0;0
26149753;503;CRECHE MUNICIPAL SAO DOMINGOS SAVIO;-8,039814395;-34,87409312;50110520;DOS CASADOS;164;;108;SANTO AMARO;33554862;;;1;1;1;0;0;0;0;0;3;1;0;0;0;0;1;0;1;0;1;0;1;0;0;0;0;0;1;1;1;0;0;0;1;1;0;0;1;1;1;1;0;0;0;0;0;0;1;2;2;;;;;;;;;;;;1;1;;1;0;;17;0;0;1;0;0;1;0;0;0;0;0;0
26158701;504;CRECHE MUNICIPAL PROFESSOR FRANCISCO DO AMARAL LOPES;-8,045082763;-34,88869015;50100010;AGAMENON MAGALHAES;S/N;;108;SANTO AMARO;33553572;32231731;;1;1;1;0;0;0;0;0;3;1;1;0;0;1;0;0;1;0;1;1;1;0;0;0;0;0;1;0;1;1;1;0;1;1;0;0;1;1;1;1;0;0;0;0;0;1;1;5;5;1;1;1;;;;;;;;;1;1;;1;1;1;62;0;0;1;0;0;1;0;0;0;0;0;0
26153130;505;CRECHE MUNICIPAL RECIFE 2000;-8,097506223;-34,93715043;50780231;RIO SOLIMOES;S/N;;850;AREIAS;33553776;32525565;CRECHERECIFE2000@GMAIL.COM;2;1;1;0;0;0;0;0;1;1;0;0;0;0;1;0;1;0;1;0;0;0;0;0;0;0;1;0;0;1;1;0;1;1;0;0;0;0;1;1;0;1;0;0;0;1;1;5;5;1;;;;;;;;;;;1;2;;2;1;1;49;0;0;1;0;0;1;1;0;0;0;0;0
26149834;507;CRECHE MUNICIPAL ZACARIAS DO REGO MACIEL;-8,010164837;-34,90251482;52130220;ANIBAL BENEVOLO;1536;A;949;ALTO SANTA TEREZINHA;33556925;34446116;CRECHEZACARIAS@YAHOO.COM.BR;1;1;1;0;0;0;0;0;1;1;0;0;0;1;0;0;1;0;1;1;1;0;0;0;0;0;1;0;1;1;1;0;1;1;0;0;1;1;1;1;0;1;0;0;0;0;1;6;6;;;;;;;;;;;;1;1;;1;0;;52;0;0;1;0;0;1;1;0;0;0;0;0
26149850;508;CRECHE MUNICIPAL WALDEMAR DE SOUZA CABRAL;-8,019183527;-34,90268187;52111620;ANTONIO MEIRA;73;;426;BOMBA DO HEMETERIO;33556849;;EDIVA.GOMES2012@HOTMAIL.COM;1;1;1;0;0;0;0;0;1;1;0;0;0;1;0;0;1;0;0;0;1;0;0;0;0;0;1;0;0;1;0;0;1;1;0;0;1;1;1;1;0;1;1;0;0;0;1;2;2;;;;;;;;;;;;1;1;;1;0;;26;0;0;1;0;0;1;0;0;0;0;0;0
26149761;509;CRECHE MUNICIPAL CAJUEIRO;-8,010789463;-34,88114427;52221310;ALICE TIBIRICA;453;CAJUEIRO;353;CAJUEIRO;33556266;;;1;1;1;0;0;0;0;0;2;1;0;0;0;0;1;0;1;0;1;0;0;0;0;0;0;0;1;0;1;1;0;0;1;1;1;0;1;1;0;1;0;1;0;0;0;0;1;2;2;1;;;;;;;;;;;1;1;;1;0;;30;0;0;1;0;0;1;0;0;0;0;0;0
26149826;510;CRECHE MUNICIPAL UNIDOS VENCEREMOS;-8,018431853;-34,91031633;52080040;CORREGO JOSE GRANDE;126;;434;CASA AMARELA;33554368;34417232;;1;1;1;0;0;0;0;0;2;1;0;0;0;0;1;0;1;0;0;0;1;0;0;0;0;0;1;0;0;1;0;0;1;1;0;0;1;1;1;1;0;0;0;0;0;0;1;4;4;2;;1;;;;;;;;;1;1;;1;0;;47;0;0;1;0;0;1;0;0;0;0;0;0
26149737;514;CRECHE MUNICIPAL MARDONIO COELHO;-8,014583578;-34,92309252;52081170;SENADOR MILTON CAMPOS;S/N;;434;CASA AMARELA;33553027;;;1;1;1;0;0;0;0;0;1;1;0;0;0;0;1;0;1;0;1;1;0;0;0;0;0;0;1;0;0;1;1;0;1;1;0;0;1;1;1;1;0;0;0;0;0;1;1;5;5;1;;;;;;;;;;;1;1;;1;0;;62;0;0;1;0;0;1;0;0;0;0;0;0
26149800;515;CRECHE MUNICIPAL CREUSA DE FREITAS CAVALCANTI-;-8,028051774;-34,91890702;52070010;CONSELHEIRO NABUCO;S/N;;434;CASA AMARELA;33554847;33553902;CMEICREUSA@GMAIL.COM;1;1;1;0;0;0;0;0;1;1;0;0;0;1;0;0;1;0;0;1;1;0;0;0;0;0;1;0;1;1;1;0;1;1;0;0;1;1;1;1;0;0;1;0;0;1;1;5;5;;;1;;;;;;;;;1;2;;2;1;1;55;0;0;1;0;0;1;0;0;0;0;0;0
26149869;516;CRECHE MUNICIPAL AME AS CRIANCAS;-8,019066645;-34,90837584;50000000;ARLINDO CISNEIROS;53;;426;BOMBA DO HEMETERIO;33554328;32678390;;1;1;1;0;0;0;0;0;1;1;0;1;0;1;0;0;1;0;0;0;0;0;0;0;0;0;1;0;0;1;0;0;1;1;0;0;1;1;1;1;0;1;0;0;0;0;1;3;3;1;;;;;;;;;;;1;1;;1;0;;34;0;0;1;0;0;1;0;0;0;0;0;0
26149842;517;CRECHE MUNICIPAL FLOR DO BAIRRO DA GUABIRABA;-7,993089511;-34,93614819;52291140;CASSITERITA;S/N;;612;BREJO DA GUABIRABA;33554842;;;1;1;1;0;0;0;0;0;3;1;0;0;0;0;1;0;1;0;0;0;1;0;0;0;0;0;1;0;0;0;0;0;1;1;0;0;1;0;1;0;0;0;0;0;0;0;1;3;3;1;;1;;;;;;;;;1;2;;2;0;;38;0;0;1;0;0;1;0;0;0;0;0;0
26149788;518;CRECHE MUNICIPAL CRIANCA FELIZ;-8,01204424;-34,91242813;52131470;VISCONDE SA BANDEIRA;S/N;;540;ALTO JOSE BONIFACIO;33554826;;;1;1;1;0;0;0;0;0;1;1;0;0;0;0;1;0;1;0;0;0;1;0;0;0;0;0;1;0;0;1;0;0;1;1;0;0;1;1;1;1;0;0;1;0;0;0;1;4;4;1;;;;;;;;;;;1;1;;1;0;;23;0;0;1;0;0;1;1;0;0;0;0;0
26149770;519;CRECHE MUNICIPAL FLOR DA COMUNIDADE;-8,018751505;-34,91652018;52280250;DAS CARAVELAS;32;;434;CASA AMARELA;33554838;32690232;;1;2;1;0;0;0;0;0;1;1;0;0;0;1;0;0;1;0;0;0;1;0;0;0;0;0;1;0;0;0;0;0;1;1;0;0;1;0;1;0;0;0;0;0;0;0;1;2;2;2;;;;;;;;;;;1;1;;1;0;;18;0;0;1;0;0;1;0;0;0;0;0;0
26149796;520;CRECHE MUNICIPAL NOSSA SENHORA DAS DORES;-8,017225;-34,937031;52071470;CAETES;427;;507;APIPUCOS;33554352;34418570;CRM.NSADASDORES@EDUCARECIFE.CO;1;1;1;0;0;0;0;0;1;1;0;0;0;1;0;0;1;0;0;0;1;0;0;0;0;0;1;0;1;1;0;1;1;0;0;0;1;1;1;0;0;0;0;0;0;0;1;3;3;1;;1;;;;;;;;;1;1;;1;0;;38;0;0;1;0;0;1;0;0;0;0;0;0
26149214;521;CRECHE MUNICIPAL CEAPE-;-8,054094538;-34,9408201;50730180;COSTA SEPULVEDA;415;A;710;ENGENHO DO MEIO;33554336;34546214;CMEI.CEAP@EDUCARECIFE.COM.BR;2;1;1;0;0;0;0;0;3;1;0;0;0;1;0;0;1;0;1;1;0;0;0;0;0;0;1;0;0;1;0;0;1;1;0;0;0;1;1;1;0;0;0;0;0;1;1;6;6;1;;;;;;;;;;;1;2;;2;1;1;112;0;0;1;0;0;1;1;0;0;0;0;0
26149923;522;CRECHE MUNICIPAL SAO JOAO;-8,019712666;-34,93036415;52071432;DO CANAL;50;;582;MACAXEIRA;33554360;;CRECHE.SAOJOAO@HOTMAIL.COM;1;1;1;0;0;0;0;0;1;1;0;0;0;1;0;0;1;0;1;1;1;0;0;0;0;0;1;0;0;1;1;0;1;1;0;0;1;0;1;1;0;1;0;0;0;0;0;5;5;;;1;;;;;;;;;1;1;;1;0;;54;0;0;1;0;0;1;0;0;0;0;0;0
26167859;524;CRECHE MUNICIPAL CHICO MENDES-;-8,101499796;-34,93204727;50875025;SINDICATO DOS VIGILANTES;633;;841;CACOTE;33554822;32537829;MARIACCFAUSTINO@HOTMAIL.COM;2;1;1;0;0;0;0;0;3;1;0;0;0;1;0;0;1;0;0;0;1;0;0;0;0;0;1;0;0;1;0;0;1;1;0;0;1;0;1;1;0;1;1;0;0;0;1;3;3;1;;;;;;;;;;;1;1;;1;0;;35;0;0;1;0;0;1;0;0;0;0;0;0
26153351;525;CRECHE MUNICIPAL WALDIR SAVLUCHINSKE;-8,050576011;-34,93945018;50730660;ALVARO TEIXEIRA MESQUITA;S/N;;710;ENGENHO DO MEIO;33554090;32725312;CRECHEWALDIR@BOL.COM.BR;2;1;1;0;0;0;0;0;1;1;0;0;0;0;1;0;1;0;1;1;1;0;0;0;0;0;1;0;1;1;1;0;1;1;0;0;1;1;1;1;0;1;1;0;0;1;1;6;6;;;;;;;;;;;;1;1;;1;0;;59;0;0;1;0;0;1;0;0;0;0;0;0
26153408;526;CRECHE MUNICIPAL E LUTANDO QUE SE CONQUISTA;-8,091734;-34,926927;50711480;SALVADOR ALLENDER;36;;680;CORDEIRO;33554834;;;2;1;1;0;0;0;0;0;1;1;0;0;0;1;0;0;1;0;1;0;0;0;0;0;0;0;1;0;0;1;1;0;1;1;0;0;1;1;1;1;0;0;1;0;0;0;1;5;5;2;;1;;;;;;;;;1;1;;1;0;;52;0;0;1;0;0;1;0;0;0;0;0;0
26153416;527;CRECHE MUNICIPAL MENINO JESUS DA BOMBA GRANDE;-8,042073;-34,928019;50731020;NOSSA SENHORA DA SAUDE;479;IPUTINGA;698;IPUTINGA;33556911;34461991;;2;1;1;0;0;0;0;0;1;1;0;1;0;1;0;0;1;0;1;1;1;0;0;0;0;0;1;0;0;1;0;0;1;1;0;0;0;1;1;0;0;0;1;0;0;0;1;3;3;;;;;;;;;;;;1;2;;2;0;;36;0;0;1;0;0;1;0;0;0;0;0;0
26153246;528;CRECHE MUNICIPAL SEMENTINHA DO SKYLAB;-8,032717095;-34,92845171;50680580;MUCURICI;62;MON FABRIC;698;IPUTINGA;33553680;34534329;;2;1;1;0;0;0;0;0;1;1;0;0;0;1;0;0;1;0;1;0;1;0;0;0;0;0;1;0;0;1;1;0;1;1;0;0;1;1;1;1;0;0;0;0;0;0;1;5;5;2;;1;;;;1;;;;;1;2;;2;1;1;40;0;0;1;0;0;1;0;0;0;0;0;0
26157551;530;CRECHE MUNICIPAL NOVO PINA-;-8,092305527;-34,88770945;51011140;EURICO VITRUVIO;S/N;;248;PINA;33556914;34678584;CMEI.NOVOPINA@EDUCARECIFE.COM.;2;1;1;0;0;0;0;0;1;1;0;0;0;1;0;0;1;0;1;1;0;0;0;0;0;0;1;0;0;1;1;0;1;1;0;0;1;0;1;1;1;0;0;0;0;0;1;6;6;2;;1;;;;;;;;;1;1;;1;0;;58;0;0;1;0;0;1;0;0;0;0;0;0
26153335;533;CRECHE MUNICIPAL SANTA LUZIA;-8,045231063;-34,91648627;50711050;SOUZA BANDEIRA;S/N;;655;TORRE;33556824;34453487;CRU.SANTALUZIA@EDUCARECIFE.COM;2;1;1;0;0;0;0;0;2;1;0;0;0;1;0;0;1;0;1;1;0;0;0;0;0;0;1;0;0;1;0;0;1;1;0;0;1;1;1;1;0;0;1;0;0;1;1;4;4;1;;1;;;;;;;;;1;2;;2;0;;42;0;0;1;0;0;1;0;0;0;0;0;0
26153254;535;CRECHE MUNICIPAL FUTURO DO AMANHA;-8,073047149;-34,92966486;50761010;APULCRU DE ASSUNCAO;686;;817;SAN MARTIN;33554344;;FUTURODOAMANHA@HOTMAIL.COM;2;1;1;0;0;0;0;0;1;1;0;0;0;1;0;0;1;0;0;1;1;0;0;0;0;0;1;0;0;1;0;1;1;1;1;0;1;1;1;1;0;0;1;0;0;1;1;3;3;2;;2;;;;;;;;;1;1;;1;0;;30;0;0;1;0;0;1;0;0;0;0;0;0
26153300;536;CRECHE MUNICIPAL NOSSA SENHORA AUXILIADORA;-8,06663397;-34,93383394;50761110;DOUTOR ANTONIO CORREIA DE OLIVEIRA;669;;701;TORROES;33554858;;;2;1;1;0;0;0;0;0;3;1;0;0;0;1;0;0;1;0;0;0;1;0;0;0;0;0;1;0;0;0;0;0;1;1;0;0;1;1;1;0;0;0;0;0;0;0;1;2;2;;;1;;;;;;;;;1;1;;1;0;;31;0;0;1;0;0;1;0;0;0;0;0;0
26153394;537;CRECHE MUNICIPAL NOVO HORIZONTE-;-8,071300743;-34,92287494;50760370;JOSE BEZERRA CAVALCANTI;244;;787;MUSTARDINHA;33556282;;;2;1;1;0;0;0;0;0;1;1;0;0;0;1;0;0;1;0;1;0;0;0;0;0;0;0;1;0;1;1;0;0;1;1;0;0;1;0;1;1;0;0;0;0;0;0;1;4;4;1;;1;;;;;;;;;1;1;;1;0;;42;0;0;1;0;0;1;0;0;0;0;0;0
26153122;542;CRECHE MUNICIPAL BRASILIA TEIMOSA;-8,080864122;-34,87839535;51010010;DELFIN;55;;256;BRASILIA TEIMOSA;33554814;34659586;;2;1;1;0;0;0;0;0;1;0;0;1;0;0;1;0;1;0;1;1;1;0;0;0;0;0;1;0;0;1;1;0;1;1;0;0;1;1;1;1;0;1;0;0;0;1;1;5;5;2;;1;;;;;;;;;1;2;;2;0;;56;0;0;1;0;0;1;0;0;0;0;0;0
26153440;543;CRECHE MUNICIPAL SENADOR PAULO GUERRA;-8,088686425;-34,90499871;51150080;ENGENHO CANTO ALEGRE;S/N;;264;IMBIRIBEIRA;33556286;34289898;;2;1;1;0;0;0;0;0;1;1;0;0;0;1;0;0;1;0;1;1;1;0;0;0;0;0;1;0;0;0;1;0;1;1;0;0;1;1;1;1;0;1;0;0;0;1;1;9;9;1;;;;;;;;;;;1;1;;1;0;;64;0;0;1;0;0;1;1;0;0;0;0;0
26153068;544;CRECHE MUNICIPAL SONHO DO POVO;-8,119165037;-34,94546073;51290570;DA CORDILHEIRA;S/N;UR 01;230;IBURA;33554364;33554366;;2;1;1;0;0;0;0;0;1;1;0;0;0;1;0;0;1;0;0;1;1;0;0;0;0;0;1;0;0;1;0;0;1;1;0;0;1;1;1;1;0;0;1;0;0;0;1;4;4;;;;;;;;;;;;1;2;;2;0;;46;0;0;1;0;0;1;0;0;0;0;0;0
26153270;545;CRECHE MUNICIPAL JESUS DE NAZARE;-8,130268729;-34,9424609;50030230;ESTRELA DO OESTE;S/N;;221;JORDAO;33556974;;;2;1;1;0;0;0;0;0;3;1;0;0;0;1;0;0;1;0;1;0;0;0;0;0;0;0;1;0;0;0;0;0;1;1;0;0;0;0;0;0;0;0;0;0;0;0;0;3;3;2;;;;;;1;;;;;1;1;;1;0;;33;0;0;1;0;0;1;0;0;0;0;0;0
26153467;546;CRECHE MUNICIPAL PADRE LOURENCO;-8,108343514;-34,91040619;51150310;CONDE PEREIRA CARNEIRO;172;;264;IMBIRIBEIRA;33553470;;;2;1;1;0;0;0;0;0;1;1;0;0;0;0;1;0;1;0;1;0;0;0;0;0;0;0;1;0;0;1;1;1;1;1;0;0;1;0;1;1;0;0;0;0;0;1;1;5;5;1;;;;;;;;;;;1;2;;2;1;1;59;0;0;1;0;0;1;0;0;0;0;0;0
26157578;547;CRECHE MUNICIPAL JOAO EUGENIO;-8,040164019;-34,94043359;50670350;GASPAR PEREZ;3895;;698;IPUTINGA;33553949;;CMJOAOEUGENIO@HOTMAIL.COM;2;1;1;0;0;0;0;0;1;1;0;0;0;1;0;0;1;0;0;1;1;0;0;0;0;0;1;0;0;1;0;0;1;1;0;0;1;1;1;1;0;1;0;0;0;0;1;2;2;;;;;;;;;;;;1;1;;1;1;1;33;0;0;1;0;0;1;0;0;0;0;0;0
26148145;548;CRECHE MUNICIPAL BIDO KRAUSE;-8,079536427;-34,96968247;50791480;ONZE DE AGOSTO;S/N;;914;TOTO;33550050;34550303;SOUZAHORA@YAHOO.COM;2;1;1;0;0;0;0;0;1;1;0;0;0;1;0;0;1;0;1;0;1;0;0;0;0;0;1;0;0;1;1;0;0;0;0;0;1;1;1;1;0;1;0;0;0;1;1;5;5;1;;;;;;;;;;;1;1;;1;1;1;54;0;0;1;0;0;1;0;0;0;0;0;0
26157462;549;CRECHE MUNICIPAL TIA EMILIA;-8,001009442;-34,91610116;52150150;PEDRO BATISTA;S/N;AT CAPITAO;396;DOIS UNIDOS;33556466;;CMEI.TIAEMILIA@EDUCARECIFE.COM;1;1;1;0;0;0;0;0;1;1;0;0;0;0;1;0;1;0;1;1;0;0;0;0;0;0;1;0;1;1;1;0;1;1;1;0;1;1;1;1;0;0;1;0;0;0;1;5;5;2;;1;;;;;;;;;1;1;;1;0;;33;0;0;1;0;0;1;1;0;0;0;0;0
26153262;551;CRECHE MUNICIPAL NOSSO SENHOR JESUS DO BONFIM;-8,081206832;-34,93064628;50865180;TEIXEIRA DE MELO;56;;833;ESTANCIA;33553812;;CMEIJESUSDOBONFIM@HOTMAIL.COM;2;1;1;0;0;0;0;0;1;1;0;0;0;1;0;0;1;0;0;0;1;0;0;0;0;0;1;0;1;0;1;0;1;1;0;0;1;0;1;1;0;1;0;0;0;0;1;5;5;;;;;;;;;;;;1;1;;1;1;1;54;0;0;1;0;0;1;0;0;0;0;0;0
26153114;554;CRECHE MUNICIPAL ROSA SELVAGEM;-8,029219;-34,976833;50970200;PORTO SEGURO;;UR7;736;VARZEA;33550233;34582788;;2;1;1;0;0;0;0;0;3;1;0;0;0;0;1;0;1;0;1;0;1;0;0;0;0;0;1;0;0;0;0;0;1;1;0;0;1;0;1;1;0;1;0;0;0;0;1;3;3;2;;1;;;;;;;;;1;2;;2;0;;28;0;0;1;0;0;1;0;0;0;0;0;0
26171678;708;CRECHE MUNICIPAL SONHO DE CRIANCA;-8,113006924;-34,93514714;51220080;TEOTONIO DE MELO FILHO;297;IBU BAIXO;230;IBURA;33556621;33397331;;2;2;1;0;0;0;0;0;2;1;0;0;0;0;1;0;0;1;1;0;1;0;0;0;0;0;1;0;0;1;1;0;1;0;0;0;1;1;1;1;0;0;0;1;0;0;1;5;5;1;;1;;;;;;;;;1;1;;1;0;;55;0;0;1;0;0;1;0;0;0;0;0;0
26177951;917;ESCOLA MUNICIPAL GOVERNADOR MIGUEL ARRAES DE ALENCAR;-8,095811222;-34,92370681;50860080;DOUTOR GIL RODRIGUES DOS SANTOS;10;V TAMANDAR;850;AREIAS;33554104;32516441;ARIADNEMLRAMOS@YAHOO.COM.BR;2;2;1;0;0;0;0;0;1;1;0;0;0;1;0;0;1;0;1;1;1;1;0;1;0;0;1;1;0;1;0;0;1;0;1;0;1;0;0;1;0;0;0;0;0;0;0;10;10;1;;1;;;;;;;;;1;17;5;12;1;1;55;1;0;1;0;1;0;0;1;0;0;1;0
26158400;922;ESCOLA MUNICIPAL NOVO MANGUE;-8,074958903;-34,90364536;50080705;AVENIDA CENTRAL;511;SAO JOSE;43;ILHA JOANA BEZERRA;33554536;;ESCMUNNOVOMANGUE@GMAIL.COM;2;2;1;0;0;0;0;0;1;1;0;0;0;0;1;0;1;0;1;1;1;1;0;0;0;0;1;0;1;0;0;0;1;1;1;0;0;1;1;1;0;1;0;0;0;1;0;7;7;1;;1;;;1;2;;;;;1;12;3;9;1;1;50;0;1;1;0;1;0;1;1;0;0;1;0
26166640;923;ESCOLA MUNICIPAL DE AGUA FRIA;-8,012201;-34,8806223;52121370;DOS CRAVEIROS;500;;310;CAMPINA DO BARRETO;33553498;;ESCOLA.AGUAFRIA@YAHOO.COM.BR;1;2;1;0;0;0;0;0;2;1;0;0;0;0;1;0;1;0;1;0;0;1;0;0;0;0;1;0;0;0;0;0;1;0;0;0;1;0;1;0;0;0;1;0;0;0;0;6;6;1;;2;;;;1;;;;;1;11;3;8;1;1;46;0;0;1;0;1;0;0;1;0;0;1;0
26166623;924;ESCOLA MUNICIPAL CAMPINA DO BARRETO;-8,010210261;-34,88455868;52221280;VIRGILIO DE MELO FRANCO;28;A;353;CAJUEIRO;33554212;34435161;ESCOLACAMPINA@YAHOO.COM.BR;1;2;1;0;0;0;0;0;1;1;0;0;0;1;0;0;1;0;1;0;1;1;0;1;0;0;1;1;0;0;0;0;1;1;0;0;1;0;1;1;0;1;0;0;0;0;0;9;9;3;;2;;;;;;;;;1;10;3;7;1;1;60;0;1;1;0;1;0;1;1;0;0;1;0
26167883;925;ESCOLA MUNICIPAL DO IBURA;-8,136623972;-34,95706696;51310000;EXPEDICIONARIO FRANCISCO VITORIANO;310;UR 05;230;IBURA;33556920;;ESCOLAIBURA@GAMIL.COM;2;1;1;0;0;0;0;0;2;1;0;0;0;1;0;0;1;0;0;0;1;1;0;0;0;0;1;0;0;0;0;0;1;0;0;0;1;0;0;0;0;0;0;0;0;0;0;6;6;1;;1;;;;1;;;;;1;11;3;8;1;1;35;0;1;1;0;1;0;1;1;0;0;1;0
26168227;926;ESCOLA MUNICIPAL IBURA DE BAIXO;-8,11484262;-34,94279293;51230050;RIO NOVO DO SUL;498;;230;IBURA;33554950;;ESC_MVN_IB_BAIXO@HOTMAIL.COM;2;2;1;0;0;0;0;1;2;0;1;0;0;0;1;0;1;0;1;0;1;1;0;0;0;0;1;0;0;0;0;0;1;0;0;0;1;0;0;0;0;0;1;0;0;0;0;7;7;1;;1;;;;;;;;;1;17;5;12;1;1;57;0;1;1;0;1;0;0;1;0;0;1;0
26168111;927;ESCOLA MUNICIPAL DO PANTANAL;-8,106240564;-34,95871633;51345820;PADRE DIOGO;240;;876;BARRO;33554986;34754017;E.M.PANTANAL@HOTMAIL.COM;2;2;1;0;0;0;0;0;2;0;1;0;0;0;1;0;1;0;0;0;1;1;0;0;0;0;1;0;0;1;0;1;1;0;0;0;0;0;1;1;0;1;1;0;0;0;0;9;9;2;;2;;;1;1;;;;;1;16;5;11;1;1;44;0;1;1;0;1;0;1;1;0;0;1;0
26168138;928;ESCOLA MUNICIPAL POETA JOAO CABRAL DE MELO NETO;-8,091679964;-34,88587858;51011080;ENCANTA MOCA;377;;248;PINA;33556306;34659600;;2;2;1;0;0;0;0;0;1;1;0;0;0;0;1;0;1;0;1;1;1;1;0;0;0;0;1;0;1;0;0;0;1;0;0;0;0;0;1;0;0;1;0;0;0;0;0;8;8;2;;1;;;;3;;;;;1;18;5;13;1;0;40;0;0;1;0;0;0;1;1;0;0;0;0
26167840;929;ESCOLA MUNICIPAL UR 05;-8,133700102;-34,95035795;51320130;DESEMBARGADOR THOMAZ CYRILO WANDERLEY;127;UR 05;230;IBURA;33556030;;EM.UR05@EDUCARECIFE.COM.BR;2;1;1;0;0;0;0;0;2;0;1;0;0;1;0;0;1;0;1;0;0;1;0;0;0;0;1;0;0;0;0;1;1;0;0;0;0;0;0;0;0;0;0;0;0;0;0;5;5;1;;1;;;;2;;;;;1;11;3;8;1;1;35;0;0;1;0;1;0;0;1;0;0;1;0
26167891;935;ESCOLA MUNICIPAL PROFESSOR JOSUE DE CASTRO;-8,069587251;-34,89906632;50080090;MARTIN LUTHER KING;368;;43;ILHA JOANA BEZERRA;33553642;34286537;;2;2;1;0;0;0;0;0;1;1;0;0;0;1;0;0;1;0;1;0;0;1;0;0;0;0;1;0;1;1;0;0;1;1;0;0;1;0;0;1;0;1;0;0;0;0;0;7;7;1;;1;;;;;;;;;1;10;3;7;1;1;31;0;0;1;0;0;1;1;0;0;0;0;0
26166607;936;ESCOLA MUNICIPAL DE BEBERIBE;-8,003410957;-34,89902493;52131542;MELANIO DE BARROS CORREIA;25;;370;BEBERIBE;33553652;;BEBERIBE25@YAHOO.COM.BR;1;2;1;0;0;0;0;0;1;1;0;0;0;0;1;0;1;0;1;1;0;1;0;0;0;0;1;0;0;0;0;0;1;0;1;0;1;1;0;0;0;0;0;0;0;0;0;4;4;1;1;1;;;;;;;;;1;11;3;8;1;1;20;0;0;1;0;0;0;0;1;0;0;0;0
26171732;938;ESCOLA MUNICIPAL JADER FIGUEIREDO DE ANDRADE SILVA;-8,049954989;-34,94194694;50730670;MUCIO UCHOA CAVALCANTI;283;;710;ENGENHO DO MEIO;33553676;;;2;2;1;0;0;0;0;0;1;1;0;0;0;1;0;0;1;0;1;0;0;1;0;1;0;0;1;1;0;1;0;1;1;1;0;0;1;1;0;1;0;1;0;0;0;0;0;7;7;2;;1;;;;;;;;;1;11;3;8;1;1;44;0;0;1;0;1;0;1;1;0;0;1;0
26134057;941;ESCOLA MUNICIPAL MANOEL ROLIM - ANEXO I;-8,087782611;-34,94833074;50920120;PAJUSSARA;60;CASA;892;TEJIPIO;33554966;;EM.MANOELROLIM@EDUCARECIFE.COM;2;1;1;0;0;0;0;0;2;0;1;0;0;0;1;0;1;0;0;0;0;0;0;0;0;0;1;0;1;0;0;0;1;1;1;1;0;0;1;1;0;0;0;0;0;0;0;4;4;1;;1;;;;;;;;;0;;;;;;16;0;0;1;0;0;0;1;1;0;0;0;0
26164701;943;ESCOLA MUNICIPAL PARQUE DOS MILAGRES - ANEXO I;-8,117281854;-34,95429264;51275240;CANTOR CAPIBA;S/N;;876;BARRO;;;AZENATEGOMES@GMAIL.COM;2;2;0;1;0;0;0;0;;1;0;0;0;0;1;0;1;0;0;0;0;0;0;0;0;0;1;0;0;0;0;1;1;0;0;0;0;0;0;1;0;0;0;0;0;0;0;3;3;;;;;;;;;;;;0;;;;;;4;0;0;1;0;0;0;0;1;0;0;0;0
26168073;948;ESCOLA MUNICIPAL DO BARRO;-8,088827222;-34,94244122;50900395;GUIRAGIBE;117;;876;BARRO;33553584;;EMDOBARRO@EDUCARECIFE.COM;2;1;1;0;0;0;0;0;1;1;0;0;0;0;1;0;1;0;1;0;0;0;0;0;0;0;1;0;1;0;0;0;1;0;0;0;1;0;1;1;0;0;1;0;0;0;0;5;5;2;;1;;;;;;;;;1;1;;1;1;1;24;0;1;1;0;0;0;1;1;0;0;0;0
26166631;949;ESCOLA MUNICIPAL ENGENHEIRO EDINALDO MIRANDA DE OLIVEIRA;-8,034681869;-34,89250826;52041210;INACIO GALVAO DOS SANTOS;304;;175;ENCRUZILHADA;33553976;;VVTIMES@YAHOO.COM.BR;1;1;1;0;0;0;0;0;1;1;0;0;0;1;0;0;1;0;1;0;0;1;0;0;0;0;1;0;0;0;0;0;1;0;1;0;1;0;0;1;0;1;0;0;0;0;0;6;6;2;;1;;;;2;;;;;1;11;3;8;1;1;33;0;0;1;0;0;0;1;1;0;0;0;0
26168120;950;ESCOLA MUNICIPAL DO SANCHO;-8,087203;-34,960311;50920650;JOAO FERREIRA;280;;906;SANCHO;33553604;32543581;MUNICIPALDOSANCHO@HOTMAIL.COM;2;2;1;0;0;0;0;0;1;0;1;0;0;0;1;0;1;0;1;1;1;1;0;0;0;1;1;1;0;1;0;0;1;1;0;0;1;1;1;1;0;0;0;0;0;0;0;8;8;2;;1;;;;1;;;;;1;16;5;11;1;1;50;1;1;1;0;1;0;1;1;0;0;1;0
26168111;952;ESCOLA MUNICIPAL DO PANTANAL - ANEXO I;-8,106240564;-34,95871633;51345710;PRESIDENTE MEDICE;35;;876;BARRO;33554986;34754017;E.M.PANTANAL@HOTMAIL.COM;2;2;1;0;0;0;0;0;2;0;1;0;0;0;1;0;1;0;0;0;0;0;0;0;0;0;0;0;0;0;0;0;1;0;0;0;0;0;0;0;0;0;0;0;0;0;0;3;3;1;;;;;;;;;;;0;;;;;;9;0;1;1;0;1;0;0;1;0;0;1;0
26132635;954;ESCOLA MUNICIPAL JORDAO BAIXO - ANEXO I;-8,13088;-34,938654;51250340;GOVERNADOR ROBERTO DA SILVEIRA;51;JOR BAIXO;221;JORDAO;33556314;34626824;ESCOLAMUNICIPALJORDAOBAIXO@HOT;2;1;1;0;0;0;0;0;2;1;0;0;0;1;0;0;1;0;0;0;0;1;0;0;0;0;0;0;0;0;0;0;1;1;0;0;0;0;0;0;0;1;0;0;0;0;0;2;2;;;;;;;;;;;;1;11;3;8;0;;20;1;0;1;0;1;0;1;1;0;0;1;0
26153556;955;ESCOLA MUNICIPAL MARLUCE SANTIAGO DA SILVA - ANEXO I;-7,980495242;-34,91773669;52170020;GALO DE CAMPINA;155;;400;PASSARINHO;33554974;34495202;MSANTIAGOSILVA@HOTMAIL.COM;1;1;0;0;0;0;0;1;;1;0;0;0;1;0;0;1;0;0;0;0;0;0;0;0;0;1;0;0;0;0;0;1;0;0;0;0;0;0;0;0;0;0;0;0;0;0;3;3;1;;1;;;;;;;;;0;;;;;;10;0;0;1;0;0;0;1;0;0;0;0;0
26170671;956;ESCOLA MUNICIPAL MAESTRO NELSON FERREIRA;-8,125451306;-34,93584236;51240230;AVELINO CHAVES;176;;230;IBURA;33554524;;;2;2;1;0;0;0;0;0;1;1;0;0;0;0;1;0;1;0;0;0;1;1;0;0;0;0;1;0;1;0;0;0;1;0;0;0;0;1;1;0;0;0;1;0;0;0;0;3;3;1;;1;;;;1;;;;;1;11;3;8;1;1;30;0;0;1;0;0;0;0;1;0;0;0;0
26177960;957;ESCOLA MUNICIPAL POETA SOLANO TRINDADE;-8,019102;-34,892515;52120301;DA REGENERACAO;103;;337;AGUA FRIA;33553502;;SOLANOTRINDADE@EDUCARECIFE.COM;1;2;1;0;0;0;0;0;2;1;0;0;0;1;0;0;1;0;1;0;1;1;0;0;0;0;1;0;1;0;0;1;1;0;0;1;1;1;0;1;0;0;1;0;0;0;0;6;6;1;;;;;;1;;;;;1;12;3;9;1;1;60;0;0;1;0;1;0;0;1;0;0;1;0
26170757;960;ESCOLA MUNICIPAL DEUS E AMOR - ANEXO I;-8,018816;-34,89834;52111410;MANOEL LOPES;46;;949;ALTO SANTA TEREZINHA;33554216;;EM.DEUSEAMOR@EDUCARECIFE.COM.B;1;2;0;1;0;0;0;0;;1;0;0;0;0;1;0;1;0;0;0;0;0;0;0;0;0;1;0;0;0;0;0;1;0;0;0;0;0;0;0;0;0;1;0;0;0;0;2;2;1;;;;;;;;;;;0;;;;;;9;0;0;1;0;0;0;0;1;0;0;0;0
26123380;962;ESCOLA MUNICIPAL ALTO DA BELA VISTA;-8,084702458;-34,96891739;50791180;ALTO DA BELA VISTA;338;;914;TOTO;33550120;;;2;2;1;0;0;0;0;0;2;1;0;0;0;0;1;0;1;0;1;0;0;1;0;0;0;0;1;0;0;0;0;1;1;0;0;0;1;0;0;1;0;0;0;0;0;0;0;8;8;;;;;;;;;;;;1;11;3;8;1;1;35;0;1;1;0;0;0;1;1;0;0;0;0
26170663;963;ESCOLA MUNICIPAL JARDIM MONTE VERDE;-8,116462423;-34,9592451;51340255;CHAPADA DO ARARIPE;92;MONTE VERD;884;COHAB;33554959;;ESCOLAJARDIMMVERDE@YAHOO.COM;2;2;1;0;0;0;0;0;3;1;0;0;0;0;1;0;1;0;0;0;1;1;0;0;0;0;1;0;1;0;0;0;1;0;1;1;1;0;0;1;0;1;0;0;0;0;0;6;6;1;;1;;;;;;;;;1;19;6;13;1;1;66;0;1;1;0;1;0;0;1;0;0;1;0
26170710;964;ESCOLA MUNICIPAL SITIO DO BERARDO;-8,05583666;-34,91414425;50720320;PROFESSOR LINS E SILVA;66;;663;PRADO;33553764;;;2;2;1;0;0;0;0;0;1;1;0;0;0;1;0;0;1;0;1;0;1;1;0;0;0;0;1;0;0;0;0;0;1;0;0;0;0;0;0;0;0;1;0;0;0;0;0;7;7;;;;;;;;;;;;1;19;6;13;1;1;57;0;1;1;0;1;0;1;1;0;0;1;0
26170744;966;ESCOLA MUNICIPAL LADJANE BANDEIRA;-8,014215345;-34,90261806;52211230;SANTA EFIGENIA;281;;337;AGUA FRIA;33556550;33556486;ESCOLALADJANEBANDEIRA@YAHOO.CO;1;1;1;0;0;0;0;0;2;1;0;0;0;0;1;0;1;0;0;0;1;0;0;0;0;0;1;0;1;0;0;0;1;1;1;1;0;0;1;0;0;1;0;0;0;0;0;3;3;1;;;;;;;;;;;1;26;8;18;1;1;25;0;0;1;0;0;0;1;0;0;0;0;0
26170639;967;ESCOLA MUNICIPAL ASA BRANCA;-8,124094914;-34,94926356;51290610;MARIA ADELAIDE CASTELO BRANCO;55;COHAB;230;IBURA;33556923;;EM.ASABRANCA@EDUCARECIFE.COM;2;2;1;0;0;0;0;0;2;1;0;0;0;0;1;0;1;0;0;0;1;1;0;0;0;1;1;0;0;0;0;1;1;0;0;0;0;0;1;0;0;0;0;0;0;0;0;6;6;1;;;;;;;;;;;1;16;5;11;1;1;29;0;0;1;0;0;0;1;1;0;0;0;0
26170647;968;ESCOLA MUNICIPAL DIACONO ABEL GUEIROS;-8,014503382;-34,9312397;52090260;NORTE MIGUEL ARRAES DE ALENCAR;7696;;582;MACAXEIRA;33553705;;EMABELGUEIROS@YAHOO.COMM.BR;1;1;1;0;0;0;0;0;2;0;0;1;0;0;1;0;1;0;1;0;1;1;0;0;0;0;1;0;1;0;0;0;1;1;1;1;1;0;1;1;0;0;0;0;0;0;0;7;7;1;;1;;;;;;;;;1;18;5;13;1;1;45;0;0;1;0;0;0;1;1;0;0;0;0
26170663;969;ESCOLA MUNICIPAL JARDIM MONTE VERDE - ANEXO I;-8,116462423;-34,9592451;51340255;CHAPADA DO ARARIPE;67;;230;IBURA;33554959;;ANTASBRAGA@HOTMAIL.COM;2;2;0;0;0;0;0;1;;0;1;0;0;0;1;0;1;0;0;0;0;0;0;0;0;0;1;0;1;0;0;0;1;0;0;0;0;0;0;0;0;0;0;0;0;0;0;3;3;1;;;;;;;;;;;;;;;;;;;;;;;;;;;;;
26170795;972;ESCOLA MUNICIPAL POETA CARLOS PENA FILHO;-8,081866765;-34,95532103;50790440;ITAMONTE;143;;868;JARDIM SAO PAULO;33554894;;;2;2;0;0;0;0;0;1;;0;1;0;0;0;1;0;1;0;1;0;0;0;0;0;0;0;1;0;0;0;0;0;1;1;0;0;1;0;0;0;0;0;0;0;0;1;0;6;6;1;;1;;;;1;;;;;1;1;;1;1;1;42;0;0;1;0;1;0;1;1;0;0;1;0
26170779;974;ESCOLA MUNICIPAL CHICO MENDES;-8,103288239;-34,93276909;50875251;DO CAMPO;S/N;;850;AREIAS;33554476;;;2;2;1;0;0;0;0;0;1;1;0;0;0;0;1;0;1;0;1;1;1;1;0;1;0;0;1;1;0;1;0;0;1;1;1;1;1;0;1;1;0;1;0;0;0;0;0;9;9;2;;1;;;;1;;;;;1;13;4;9;1;1;54;0;0;1;0;1;0;1;1;0;0;1;0
26170728;978;CRECHE MUNICIPAL SITIO GRANDE;-8,098503717;-34,91494429;51170400;PADRE CARLOS LEONCIO;123;;264;IMBIRIBEIRA;33553740;;CRM.SITIOGRANDE@EDUCAR.COM;2;2;1;0;0;0;0;0;2;1;0;0;0;0;1;0;1;0;1;0;1;0;0;0;0;0;1;0;1;1;1;0;1;1;0;0;1;0;0;0;0;0;1;0;0;0;1;7;7;2;;;;;;;;;;;1;1;;1;1;1;50;0;0;1;0;0;1;0;0;0;0;0;0
26170736;979;CRECHE MUNICIPAL ESPERANCA;-8,066857103;-34,93671593;50761200;LEILA FELEX KARAN;S/N;;817;SAN MARTIN;33556906;;CMEI.ESPERANCA@EDUCARECIFE.COM;2;2;1;0;0;0;0;0;1;1;0;0;0;0;1;0;1;0;1;1;1;0;0;0;0;0;1;0;1;1;1;0;1;1;0;0;1;0;1;1;0;1;0;0;0;1;1;5;5;1;;1;;;;;;;;;1;2;;2;0;;56;0;0;1;0;0;1;1;0;0;0;0;0
26157489;980;CRECHE MUNICIPAL CASINHA AZUL;-8,02992861;-34,9343708;50731370;SAO MATHEUS;S/N;IPUTINGA;698;IPUTINGA;33556913;;CRM.CASINHAAZUL@EDUCARECIFE.CO;2;1;1;0;0;0;0;0;1;1;0;0;0;1;0;0;1;0;1;0;1;0;0;0;0;0;1;0;0;1;1;0;1;0;0;0;1;0;1;1;0;1;1;0;0;0;1;6;6;2;;1;;;;1;;;;;1;1;;1;0;;68;0;0;1;0;0;1;0;0;0;0;0;0
26157560;981;CRECHE MUNICIPAL VINDE A MIM AS CRIANCINHAS;-8,055895855;-34,91285031;50720750;EDEIA;89;;647;MADALENA;33554870;;;2;1;1;0;0;0;0;0;1;1;0;0;0;1;0;0;1;0;1;0;0;0;0;0;0;0;1;0;0;0;0;0;1;1;0;0;1;1;1;1;0;0;0;0;0;0;1;2;2;3;;1;;;;;;;;;1;1;;1;0;;33;0;0;1;0;0;1;0;0;0;0;0;0
26156628;982;CRECHE MUNICIPAL SITIO DO CARDOSO;-8,049243682;-34,91279889;50710470;PADRE LANDIM;390;;655;TORRE;33554025;34453609;;2;1;1;0;0;0;0;0;1;1;0;0;0;1;0;0;1;0;1;0;0;0;0;0;0;0;1;1;0;0;1;0;1;1;0;0;1;0;1;1;0;0;1;0;0;1;1;5;5;;;;;;;;;;;;1;1;;1;1;1;48;0;0;1;0;0;1;1;0;0;0;0;0
26156750;983;CRECHE MUNICIPAL DA TORRE;-8,044674406;-34,91751019;50711550;CLARA NUNES;S/N;;655;TORRE;33553334;;CRECHEDATORRE@GMAIL.COM;2;1;1;0;0;0;0;0;1;1;0;0;0;1;0;0;1;0;1;0;0;0;0;0;0;0;1;1;0;1;1;0;1;1;0;0;1;1;1;1;0;0;0;0;0;0;1;8;8;2;;1;;;;;;;;;1;1;;1;1;1;70;0;0;1;0;0;1;0;0;0;0;0;0
26156849;984;CRECHE MUNICIPAL RODA DE FOGO;-8,05960584;-34,93753351;50721610;OCIDENTAL;33;;680;CORDEIRO;32287252;33556931;;2;1;1;0;0;0;0;0;2;1;0;0;0;1;0;0;1;0;1;0;0;0;0;0;0;0;1;0;0;0;0;0;1;1;0;0;1;1;1;1;0;1;1;0;0;0;1;4;4;1;;2;;;;;;;;;1;1;;1;0;;42;0;0;1;0;0;1;0;0;0;0;0;0
26156792;986;CRECHE MUNICIPAL DE AFOGADOS;-8,084217939;-34,91143424;50770765;CERRO NEGRO;215;V SAO MIGU;779;AFOGADOS;33554830;34285287;;2;1;1;0;0;0;0;0;3;1;0;0;0;1;1;0;1;0;1;1;1;0;0;0;0;0;1;0;0;0;1;1;1;1;0;0;1;0;1;1;0;1;1;0;0;1;1;5;5;;;;;;;;;;;;1;1;;1;0;;50;0;1;1;0;0;1;0;0;0;0;0;0
26156776;987;CRECHE MUNICIPAL DA MANGUEIRA;-8,074908437;-34,92130518;50820000;21 DE ABRIL;1555;;795;MANGUEIRA;33553832;34473405;;2;1;1;0;0;0;0;0;1;1;0;0;0;1;0;0;1;0;1;1;0;0;0;0;0;0;1;0;1;1;1;0;1;1;0;0;0;0;0;0;0;0;0;0;0;0;0;5;5;1;;1;;;;;;;;;0;;;;;;54;0;0;1;0;0;1;1;0;0;0;0;0
26156725;988;CRECHE MUNICIPAL DO BONGI;-8,066759708;-34,91537944;50751110;MAJOR MARIO PORTELA;S/N;;809;BONGI;33554806;34454644;;2;1;0;0;0;0;0;1;;1;0;0;0;1;0;0;1;0;1;1;0;0;0;0;0;0;1;0;0;0;0;1;1;0;0;0;0;0;1;0;0;0;1;0;0;0;1;4;4;1;;;;;;;;;;;1;1;;1;0;;42;0;0;1;0;0;1;1;0;0;0;0;0
26156695;989;CRECHE MUNICIPAL DO JORDAO BAIXO-;-8,135770945;-34,93693982;51260620;SAO JOSE DA LAJE;19;;221;JORDAO;33554848;34621674;CLAUDIA.V.ANDRADE@HOTMAIL.COM;2;0;1;0;0;0;0;0;1;0;1;0;0;0;1;0;1;0;1;0;0;0;0;0;0;0;1;0;0;1;1;0;1;1;0;0;1;0;1;1;0;1;0;0;0;0;1;8;8;1;;;;;;;;;;;1;1;;1;0;;63;0;0;1;0;0;1;1;0;0;0;0;0
26156610;990;CRECHE MUNICIPAL DO IBURA-;-8,134258325;-34,94920761;51310000;EXPEDICIONARIO FRANCISCO VITORIANO;S/N;UR 10;230;IBURA;33553076;34751288;CMEI.IBURA@EDUCARECIFE.COM.BR;2;2;1;0;0;0;0;0;1;0;1;0;0;0;1;0;1;0;1;0;0;0;0;0;0;0;1;1;0;1;1;0;1;1;0;0;1;1;1;1;0;0;1;0;0;1;1;8;8;;;;;;;;;;;;1;4;1;3;0;;56;0;0;1;0;0;1;1;0;0;0;0;0
26171660;991;CRECHE MUNICIPAL NOSSA SENHORA DE FATIMA;-7,997609506;-34,93328817;52291060;ALTO DO RESERVATORIO;720;BREJO GUA;418;GUABIRABA;33556882;34425691;;1;2;1;0;0;0;0;0;3;1;0;0;0;0;1;0;1;0;0;0;1;0;0;0;0;0;1;0;0;0;0;0;1;1;0;0;1;1;1;0;0;0;1;0;0;0;1;3;3;1;;;;;;;;;;;1;1;;1;0;;33;0;0;1;0;0;1;0;0;0;0;0;0
26171651;992;CRECHE MUNICIPAL MONTE DAS OLIVEIRAS;-8,000630334;-34,93355996;52091260;ALTO DA BRASILEIRA;7;;566;NOVA DESCOBERTA;33556278;;;1;2;1;0;0;0;0;0;1;1;0;0;0;1;0;0;1;0;1;0;0;0;0;0;0;0;1;0;0;0;0;0;1;1;0;0;1;0;1;1;0;0;0;0;0;0;1;2;2;1;;;;;;;;;;;1;1;;1;0;;23;0;0;1;0;0;1;0;0;0;0;0;0
26168111;995;ESCOLA MUNICIPAL DO PANTANAL - ANEXO II;-8,106240564;-34,95871633;51345710;PRESIDENTE MEDICE;115;;876;BARRO;33554071;;EM.PANTANAL@HOTMAIL.COM;2;1;1;0;0;0;0;0;2;1;0;0;0;1;0;0;1;0;0;0;0;0;0;0;0;0;1;0;0;1;0;0;1;0;0;0;0;0;1;1;0;1;1;0;0;0;0;3;3;;;;;;;;;;;;0;;;;;;12;0;0;1;0;0;0;1;1;0;0;0;0
26171740;996;ESCOLA MUNICIPAL DA GUABIRABA;-7,993301473;-34,93516641;52291140;CASSITERITA;395;A;418;GUABIRABA;33554200;33554201;EMDAGUABIRABA@GMAIL.COM;1;2;1;0;0;0;0;0;1;1;0;0;0;0;1;0;1;0;1;1;1;1;0;0;0;0;1;1;0;0;0;0;1;1;1;0;1;1;1;1;0;0;0;0;0;0;0;12;12;1;;1;;;;1;;;;;1;14;4;10;1;1;66;0;0;1;0;1;0;1;1;0;0;1;1
26171767;997;ESCOLA MUNICIPAL CARLUCIO CASTANHA;-8,121345247;-34,94647971;51280000;PERNAMBUCO;S/N;;230;IBURA;33553744;34754023;;2;2;1;0;0;0;0;0;1;1;0;0;0;1;0;0;1;0;1;1;1;1;0;0;0;0;1;1;0;1;0;0;1;1;0;0;0;1;0;0;0;1;1;0;0;0;0;12;12;5;;1;;;;3;;;;;1;21;6;15;1;1;78;0;0;1;0;1;0;1;1;0;0;1;0
26171724;999;ESCOLA MUNICIPAL JOAO AMAZONAS;-8,002043572;-34,90605833;52140340;BELA VISTA;284;;396;DOIS UNIDOS;33554513;;EMJOAOAMAZONAS@EDUCARECIFE.COM;1;2;1;0;0;0;0;0;1;1;0;0;0;0;0;1;1;0;1;0;1;1;0;0;0;0;1;1;0;0;0;0;1;0;0;0;1;0;1;1;0;1;0;0;0;0;0;5;5;2;;1;;;;2;;;;;1;2;;2;0;;29;0;0;1;0;0;0;1;1;0;0;0;0
